0 65536 0 0 0 0 0 0 0 0 0
1 65536 0 0 0 0 0 0 0 0 0
2 65536 0 0 0 0 0 0 0 0 0
3 65536 0 0 0 0 0 0 0 0 0
4 65536 0 0 0 0 0 0 0 0 0
5 65536 0 0 0 0 0 0 0 0 0
6 65536 0 0 0 0 0 0 0 0 0
7 65536 0 0 0 0 0 0 0 0 0
8 65536 0 0 0 0 0 0 0 0 0
9 65536 0 0 0 0 0 0 0 0 0
10 65536 0 0 0 0 0 0 0 0 0
11 65536 0 0 0 0 0 0 0 0 0
12 65536 0 0 0 0 0 0 0 0 0
13 65536 0 0 0 0 0 0 0 0 0
14 65536 0 0 0 0 0 0 0 0 0
15 65536 0 0 0 0 0 0 0 0 0
16 65536 0 0 0 0 0 0 0 0 0
17 65536 0 0 0 0 0 0 0 0 0
18 65536 0 0 0 0 0 0 0 0 0
19 65536 0 0 0 0 0 0 0 0 0
20 65536 0 0 0 0 0 0 0 0 0
21 65536 0 0 0 0 0 0 0 0 0
22 65536 0 0 0 0 0 0 0 0 0
23 65536 0 0 0 0 0 0 0 0 0
24 65536 0 0 0 0 0 0 0 0 0
25 65536 0 0 0 0 0 0 0 0 0
26 65536 0 0 0 0 0 0 0 0 0
27 65536 0 0 0 0 0 0 0 0 0
28 65536 0 0 0 0 0 0 0 0 0
29 65536 0 0 0 0 0 0 0 0 0
30 65536 0 0 0 0 0 0 0 0 0
31 65536 0 0 0 0 0 0 0 0 0
32 65536 0 0 0 0 0 0 0 0 0
33 65536 0 0 0 0 0 0 0 0 0
34 65536 0 0 0 0 0 0 0 0 0
35 65536 0 0 0 0 0 0 0 0 0
36 65536 0 0 0 0 0 0 0 0 0
37 65536 0 0 0 0 0 0 0 0 0
38 65536 0 0 0 0 0 0 0 0 0
39 65536 0 0 0 0 0 0 0 0 0
40 65536 0 0 0 0 0 0 0 0 0
41 65536 0 0 0 0 0 0 0 0 0
42 65536 0 0 0 0 0 0 0 0 0
43 65536 0 0 0 0 0 0 0 0 0
44 65536 0 0 0 0 0 0 0 0 0
45 65536 0 0 0 0 0 0 0 0 0
46 65536 0 0 0 0 0 0 0 0 0
47 65536 0 0 0 0 0 0 0 0 0
48 65536 0 0 0 0 0 0 0 0 0
49 65536 0 0 0 0 0 0 0 0 0
50 65536 0 0 0 0 0 0 0 0 0
51 65536 0 0 0 0 0 0 0 0 0
52 65536 0 0 0 0 0 0 0 0 0
53 65536 0 0 0 0 0 0 0 0 0
54 65536 0 0 0 0 0 0 0 0 0
55 65536 0 0 0 0 0 0 0 0 0
56 65536 0 0 0 0 0 0 0 0 0
57 65536 0 0 0 0 0 0 0 0 0
58 65536 0 0 0 0 0 0 0 0 0
59 65536 0 0 0 0 0 0 0 0 0
60 65536 0 0 0 0 0 0 0 0 0
61 65536 0 0 0 0 0 0 0 0 0
62 65536 0 0 0 0 0 0 0 0 0
63 65536 0 0 0 0 0 0 0 0 0
64 65536 0 0 0 0 0 0 0 0 0
65 65536 0 0 0 0 0 0 0 0 0
66 65536 0 0 0 0 0 0 0 0 0
67 65536 0 0 0 0 0 0 0 0 0
68 65536 0 0 0 0 0 0 0 0 0
69 65536 0 0 0 0 0 0 0 0 0
70 65536 0 0 0 0 0 0 0 0 0
71 65536 0 0 0 0 0 0 0 0 0
72 65536 0 0 0 0 0 0 0 0 0
73 65536 0 0 0 0 0 0 0 0 0
74 65536 0 0 0 0 0 0 0 0 0
75 65536 0 0 0 0 0 0 0 0 0
76 65536 0 0 0 0 0 0 0 0 0
77 65536 0 0 0 0 0 0 0 0 0
78 65536 0 0 0 0 0 0 0 0 0
79 65536 0 0 0 0 0 0 0 0 0
80 65536 0 0 0 0 0 0 0 0 0
81 65536 0 0 0 0 0 0 0 0 0
82 65536 0 0 0 0 0 0 0 0 0
83 65536 0 0 0 0 0 0 0 0 0
84 65536 0 0 0 0 0 0 0 0 0
85 65536 0 0 0 0 0 0 0 0 0
86 65536 0 0 0 0 0 0 0 0 0
87 65536 0 0 0 0 0 0 0 0 0
88 65536 0 0 0 0 0 0 0 0 0
89 65536 0 0 0 0 0 0 0 0 0
90 65536 0 0 0 0 0 0 0 0 0
91 65536 0 0 0 0 0 0 0 0 0
92 65536 0 0 0 0 0 0 0 0 0
93 65536 0 0 0 0 0 0 0 0 0
94 65536 0 0 0 0 0 0 0 0 0
95 65536 0 0 0 0 0 0 0 0 0
96 65536 0 0 0 0 0 0 0 0 0
97 65536 0 0 0 0 0 0 0 0 0
98 65536 0 0 0 0 0 0 0 0 0
99 65536 0 0 0 0 0 0 0 0 0
100 65536 0 0 0 0 0 0 0 0 0
101 65536 0 0 0 0 0 0 0 0 0
102 65536 0 0 0 0 0 0 0 0 0
103 65536 0 0 0 0 0 0 0 0 0
104 65536 0 0 0 0 0 0 0 0 0
105 65536 0 0 0 0 0 0 0 0 0
106 65536 0 0 0 0 0 0 0 0 0
107 65536 0 0 0 0 0 0 0 0 0
108 65536 0 0 0 0 0 0 0 0 0
109 65536 0 0 0 0 0 0 0 0 0
110 65536 0 0 0 0 0 0 0 0 0
111 65536 0 0 0 0 0 0 0 0 0
112 65536 0 0 0 0 0 0 0 0 0
113 65536 0 0 0 0 0 0 0 0 0
114 65536 0 0 0 0 0 0 0 0 0
115 65536 0 0 0 0 0 0 0 0 0
116 65536 0 0 0 0 0 0 0 0 0
117 65536 0 0 0 0 0 0 0 0 0
118 65536 0 0 0 0 0 0 0 0 0
119 65536 0 0 0 0 0 0 0 0 0
120 65536 0 0 0 0 0 0 0 0 0
121 65536 0 0 0 0 0 0 0 0 0
122 65536 0 0 0 0 0 0 0 0 0
123 65536 0 0 0 0 0 0 0 0 0
124 65536 0 0 0 0 0 0 0 0 0
125 65536 0 0 0 0 0 0 0 0 0
126 65536 0 0 0 0 0 0 0 0 0
127 65536 0 0 0 0 0 0 0 0 0
128 65536 0 0 0 0 0 0 0 0 0
129 65536 0 0 0 0 0 0 0 0 0
130 65536 0 0 0 0 0 0 0 0 0
131 65536 0 0 0 0 0 0 0 0 0
132 65536 0 0 0 0 0 0 0 0 0
133 65536 0 0 0 0 0 0 0 0 0
134 65536 0 0 0 0 0 0 0 0 0
135 65536 0 0 0 0 0 0 0 0 0
136 65536 0 0 0 0 0 0 0 0 0
137 65536 0 0 0 0 0 0 0 0 0
138 65536 0 0 0 0 0 0 0 0 0
139 65536 0 0 0 0 0 0 0 0 0
140 65536 0 0 0 0 0 0 0 0 0
141 65536 0 0 0 0 0 0 0 0 0
142 65536 0 0 0 0 0 0 0 0 0
143 65536 0 0 0 0 0 0 0 0 0
144 65536 0 0 0 0 0 0 0 0 0
145 65536 0 0 0 0 0 0 0 0 0
146 65536 0 0 0 0 0 0 0 0 0
147 65536 0 0 0 0 0 0 0 0 0
148 65536 0 0 0 0 0 0 0 0 0
149 65536 0 0 0 0 0 0 0 0 0
150 65536 0 0 0 0 0 0 0 0 0
151 65536 0 0 0 0 0 0 0 0 0
152 65536 0 0 0 0 0 0 0 0 0
153 65536 0 0 0 0 0 0 0 0 0
154 65536 0 0 0 0 0 0 0 0 0
155 65536 0 0 0 0 0 0 0 0 0
156 65536 0 0 0 0 0 0 0 0 0
157 65536 0 0 0 0 0 0 0 0 0
158 65536 0 0 0 0 0 0 0 0 0
159 65536 0 0 0 0 0 0 0 0 0
160 65536 0 0 0 0 0 0 0 0 0
161 65536 0 0 0 0 0 0 0 0 0
162 65536 0 0 0 0 0 0 0 0 0
163 65536 0 0 0 0 0 0 0 0 0
164 65536 0 0 0 0 0 0 0 0 0
165 65536 0 0 0 0 0 0 0 0 0
166 65536 0 0 0 0 0 0 0 0 0
167 65536 0 0 0 0 0 0 0 0 0
168 65536 0 0 0 0 0 0 0 0 0
169 65536 0 0 0 0 0 0 0 0 0
170 65536 0 0 0 0 0 0 0 0 0
171 65536 0 0 0 0 0 0 0 0 0
172 65536 0 0 0 0 0 0 0 0 0
173 65536 0 0 0 0 0 0 0 0 0
174 65536 0 0 0 0 0 0 0 0 0
175 65536 0 0 0 0 0 0 0 0 0
176 65536 0 0 0 0 0 0 0 0 0
177 65536 0 0 0 0 0 0 0 0 0
178 65536 0 0 0 0 0 0 0 0 0
179 65536 0 0 0 0 0 0 0 0 0
180 65536 0 0 0 0 0 0 0 0 0
181 65536 0 0 0 0 0 0 0 0 0
182 65536 0 0 0 0 0 0 0 0 0
183 65536 0 0 0 0 0 0 0 0 0
184 65536 0 0 0 0 0 0 0 0 0
185 65536 0 0 0 0 0 0 0 0 0
186 65536 0 0 0 0 0 0 0 0 0
187 65536 0 0 0 0 0 0 0 0 0
188 65536 0 0 0 0 0 0 0 0 0
189 65536 0 0 0 0 0 0 0 0 0
190 65536 0 0 0 0 0 0 0 0 0
191 65536 0 0 0 0 0 0 0 0 0
192 65536 0 0 0 0 0 0 0 0 0
193 65536 0 0 0 0 0 0 0 0 0
194 65536 0 0 0 0 0 0 0 0 0
195 65536 0 0 0 0 0 0 0 0 0
196 65536 0 0 0 0 0 0 0 0 0
197 65536 0 0 0 0 0 0 0 0 0
198 65536 0 0 0 0 0 0 0 0 0
199 65536 0 0 0 0 0 0 0 0 0
200 65536 0 0 0 0 0 0 0 0 0
201 65536 0 0 0 0 0 0 0 0 0
202 65536 0 0 0 0 0 0 0 0 0
203 65536 0 0 0 0 0 0 0 0 0
204 65536 0 0 0 0 0 0 0 0 0
205 65536 0 0 0 0 0 0 0 0 0
206 65536 0 0 0 0 0 0 0 0 0
207 65536 0 0 0 0 0 0 0 0 0
208 65536 0 0 0 0 0 0 0 0 0
209 65536 0 0 0 0 0 0 0 0 0
210 65536 0 0 0 0 0 0 0 0 0
211 65536 0 0 0 0 0 0 0 0 0
212 65536 0 0 0 0 0 0 0 0 0
213 65536 0 0 0 0 0 0 0 0 0
214 65536 0 0 0 0 0 0 0 0 0
215 65536 0 0 0 0 0 0 0 0 0
216 65536 0 0 0 0 0 0 0 0 0
217 65536 0 0 0 0 0 0 0 0 0
218 65536 0 0 0 0 0 0 0 0 0
219 65536 0 0 0 0 0 0 0 0 0
220 65536 0 0 0 0 0 0 0 0 0
221 65536 0 0 0 0 0 0 0 0 0
222 65536 0 0 0 0 0 0 0 0 0
223 65536 0 0 0 0 0 0 0 0 0
224 65536 0 0 0 0 0 0 0 0 0
225 65536 0 0 0 0 0 0 0 0 0
226 65536 0 0 0 0 0 0 0 0 0
227 65536 0 0 0 0 0 0 0 0 0
228 65536 0 0 0 0 0 0 0 0 0
229 65536 0 0 0 0 0 0 0 0 0
230 65536 0 0 0 0 0 0 0 0 0
231 65536 0 0 0 0 0 0 0 0 0
232 65536 0 0 0 0 0 0 0 0 0
233 65536 0 0 0 0 0 0 0 0 0
234 65536 0 0 0 0 0 0 0 0 0
235 65536 0 0 0 0 0 0 0 0 0
236 65536 0 0 0 0 0 0 0 0 0
237 65536 0 0 0 0 0 0 0 0 0
238 65536 0 0 0 0 0 0 0 0 0
239 65536 0 0 0 0 0 0 0 0 0
240 65536 0 0 0 0 0 0 0 0 0
241 65536 0 0 0 0 0 0 0 0 0
242 65536 0 0 0 0 0 0 0 0 0
243 65536 0 0 0 0 0 0 0 0 0
244 65536 0 0 0 0 0 0 0 0 0
245 65536 0 0 0 0 0 0 0 0 0
246 65536 0 0 0 0 0 0 0 0 0
247 65536 0 0 0 0 0 0 0 0 0
248 65536 0 0 0 0 0 0 0 0 0
249 65536 0 0 0 0 0 0 0 0 0
250 65536 0 0 0 0 0 0 0 0 0
251 65536 0 0 0 0 0 0 0 0 0
252 65536 0 0 0 0 0 0 0 0 0
253 65536 0 0 0 0 0 0 0 0 0
254 65536 0 0 0 0 0 0 0 0 0
255 65536 0 0 0 0 0 0 0 0 0
256 65536 0 0 0 0 0 0 0 0 0
257 65536 0 0 0 0 0 0 0 0 0
258 65536 0 0 0 0 0 0 0 0 0
259 65536 0 0 0 0 0 0 0 0 0
260 65536 0 0 0 0 0 0 0 0 0
261 65536 0 0 0 0 0 0 0 0 0
262 65536 0 0 0 0 0 0 0 0 0
263 65536 0 0 0 0 0 0 0 0 0
264 65536 0 0 0 0 0 0 0 0 0
265 65536 0 0 0 0 0 0 0 0 0
266 65536 0 0 0 0 0 0 0 0 0
267 65536 0 0 0 0 0 0 0 0 0
268 65536 0 0 0 0 0 0 0 0 0
269 65536 0 0 0 0 0 0 0 0 0
270 65536 0 0 0 0 0 0 0 0 0
271 65536 0 0 0 0 0 0 0 0 0
272 65536 0 0 0 0 0 0 0 0 0
273 65536 0 0 0 0 0 0 0 0 0
274 65536 0 0 0 0 0 0 0 0 0
275 65536 0 0 0 0 0 0 0 0 0
276 65536 0 0 0 0 0 0 0 0 0
277 65536 0 0 0 0 0 0 0 0 0
278 65536 0 0 0 0 0 0 0 0 0
279 65536 0 0 0 0 0 0 0 0 0
280 65536 0 0 0 0 0 0 0 0 0
281 65536 0 0 0 0 0 0 0 0 0
282 65536 0 0 0 0 0 0 0 0 0
283 65536 0 0 0 0 0 0 0 0 0
284 65536 0 0 0 0 0 0 0 0 0
285 65536 0 0 0 0 0 0 0 0 0
286 65536 0 0 0 0 0 0 0 0 0
287 65536 0 0 0 0 0 0 0 0 0
288 65536 0 0 0 0 0 0 0 0 0
289 65536 0 0 0 0 0 0 0 0 0
290 65536 0 0 0 0 0 0 0 0 0
291 65536 0 0 0 0 0 0 0 0 0
292 65536 0 0 0 0 0 0 0 0 0
293 65536 0 0 0 0 0 0 0 0 0
294 65536 0 0 0 0 0 0 0 0 0
295 65536 0 0 0 0 0 0 0 0 0
296 65536 0 0 0 0 0 0 0 0 0
297 65536 0 0 0 0 0 0 0 0 0
298 65536 0 0 0 0 0 0 0 0 0
299 65536 0 0 0 0 0 0 0 0 0
300 65536 0 0 0 0 0 0 0 0 0
301 65536 0 0 0 0 0 0 0 0 0
302 65536 0 0 0 0 0 0 0 0 0
303 65536 0 0 0 0 0 0 0 0 0
304 65536 0 0 0 0 0 0 0 0 0
305 65536 0 0 0 0 0 0 0 0 0
306 65536 0 0 0 0 0 0 0 0 0
307 65536 0 0 0 0 0 0 0 0 0
308 65536 0 0 0 0 0 0 0 0 0
309 65536 0 0 0 0 0 0 0 0 0
310 65536 0 0 0 0 0 0 0 0 0
311 65536 0 0 0 0 0 0 0 0 0
312 65536 0 0 0 0 0 0 0 0 0
313 65536 0 0 0 0 0 0 0 0 0
314 65536 0 0 0 0 0 0 0 0 0
315 65536 0 0 0 0 0 0 0 0 0
316 65536 0 0 0 0 0 0 0 0 0
317 65536 0 0 0 0 0 0 0 0 0
318 65536 0 0 0 0 0 0 0 0 0
319 65536 0 0 0 0 0 0 0 0 0
320 65536 0 0 0 0 0 0 0 0 0
321 65536 0 0 0 0 0 0 0 0 0
322 65536 0 0 0 0 0 0 0 0 0
323 65536 0 0 0 0 0 0 0 0 0
324 65536 0 0 0 0 0 0 0 0 0
325 65536 0 0 0 0 0 0 0 0 0
326 65536 0 0 0 0 0 0 0 0 0
327 65536 0 0 0 0 0 0 0 0 0
328 65536 0 0 0 0 0 0 0 0 0
329 65536 0 0 0 0 0 0 0 0 0
330 65536 0 0 0 0 0 0 0 0 0
331 65536 0 0 0 0 0 0 0 0 0
332 65536 0 0 0 0 0 0 0 0 0
333 65536 0 0 0 0 0 0 0 0 0
334 65536 0 0 0 0 0 0 0 0 0
335 65536 0 0 0 0 0 0 0 0 0
336 65536 0 0 0 0 0 0 0 0 0
337 65536 0 0 0 0 0 0 0 0 0
338 65536 0 0 0 0 0 0 0 0 0
339 65536 0 0 0 0 0 0 0 0 0
340 65536 0 0 0 0 0 0 0 0 0
341 65536 0 0 0 0 0 0 0 0 0
342 65536 0 0 0 0 0 0 0 0 0
343 65536 0 0 0 0 0 0 0 0 0
344 65536 0 0 0 0 0 0 0 0 0
345 65536 0 0 0 0 0 0 0 0 0
346 65536 0 0 0 0 0 0 0 0 0
347 65536 0 0 0 0 0 0 0 0 0
348 65536 0 0 0 0 0 0 0 0 0
349 65536 0 0 0 0 0 0 0 0 0
350 65536 0 0 0 0 0 0 0 0 0
351 65536 0 0 0 0 0 0 0 0 0
352 65536 0 0 0 0 0 0 0 0 0
353 65536 0 0 0 0 0 0 0 0 0
354 65536 0 0 0 0 0 0 0 0 0
355 65536 0 0 0 0 0 0 0 0 0
356 65536 0 0 0 0 0 0 0 0 0
357 65536 0 0 0 0 0 0 0 0 0
358 65536 0 0 0 0 0 0 0 0 0
359 65536 0 0 0 0 0 0 0 0 0
360 65536 0 0 0 0 0 0 0 0 0
361 65536 0 0 0 0 0 0 0 0 0
362 65536 0 0 0 0 0 0 0 0 0
363 65536 0 0 0 0 0 0 0 0 0
364 65536 0 0 0 0 0 0 0 0 0
365 65536 0 0 0 0 0 0 0 0 0
366 65536 0 0 0 0 0 0 0 0 0
367 65536 0 0 0 0 0 0 0 0 0
368 65536 0 0 0 0 0 0 0 0 0
369 65536 0 0 0 0 0 0 0 0 0
370 65536 0 0 0 0 0 0 0 0 0
371 65536 0 0 0 0 0 0 0 0 0
372 65536 0 0 0 0 0 0 0 0 0
373 65536 0 0 0 0 0 0 0 0 0
374 65536 0 0 0 0 0 0 0 0 0
375 65536 0 0 0 0 0 0 0 0 0
376 65536 0 0 0 0 0 0 0 0 0
377 65536 0 0 0 0 0 0 0 0 0
378 65536 0 0 0 0 0 0 0 0 0
379 65536 0 0 0 0 0 0 0 0 0
380 65536 0 0 0 0 0 0 0 0 0
381 65536 0 0 0 0 0 0 0 0 0
382 65536 0 0 0 0 0 0 0 0 0
383 65536 0 0 0 0 0 0 0 0 0
384 65536 0 0 0 0 0 0 0 0 0
385 65536 0 0 0 0 0 0 0 0 0
386 65536 0 0 0 0 0 0 0 0 0
387 65536 0 0 0 0 0 0 0 0 0
388 65536 0 0 0 0 0 0 0 0 0
389 65536 0 0 0 0 0 0 0 0 0
390 65536 0 0 0 0 0 0 0 0 0
391 65536 0 0 0 0 0 0 0 0 0
392 65536 0 0 0 0 0 0 0 0 0
393 65536 0 0 0 0 0 0 0 0 0
394 65536 0 0 0 0 0 0 0 0 0
395 65536 0 0 0 0 0 0 0 0 0
396 65536 0 0 0 0 0 0 0 0 0
397 65536 0 0 0 0 0 0 0 0 0
398 65536 0 0 0 0 0 0 0 0 0
399 65536 0 0 0 0 0 0 0 0 0
400 65536 0 0 0 0 0 0 0 0 0
401 65536 0 0 0 0 0 0 0 0 0
402 65536 0 0 0 0 0 0 0 0 0
403 65536 0 0 0 0 0 0 0 0 0
404 65536 0 0 0 0 0 0 0 0 0
405 65536 0 0 0 0 0 0 0 0 0
406 65536 0 0 0 0 0 0 0 0 0
407 65536 0 0 0 0 0 0 0 0 0
408 65536 0 0 0 0 0 0 0 0 0
409 65536 0 0 0 0 0 0 0 0 0
410 65536 0 0 0 0 0 0 0 0 0
411 65536 0 0 0 0 0 0 0 0 0
412 65536 0 0 0 0 0 0 0 0 0
413 65536 0 0 0 0 0 0 0 0 0
414 65536 0 0 0 0 0 0 0 0 0
415 65536 0 0 0 0 0 0 0 0 0
416 65536 0 0 0 0 0 0 0 0 0
417 65536 0 0 0 0 0 0 0 0 0
418 65536 0 0 0 0 0 0 0 0 0
419 65536 0 0 0 0 0 0 0 0 0
420 65536 0 0 0 0 0 0 0 0 0
421 65536 0 0 0 0 0 0 0 0 0
422 65536 0 0 0 0 0 0 0 0 0
423 65536 0 0 0 0 0 0 0 0 0
424 65536 0 0 0 0 0 0 0 0 0
425 65536 0 0 0 0 0 0 0 0 0
426 65536 0 0 0 0 0 0 0 0 0
427 65536 0 0 0 0 0 0 0 0 0
428 65536 0 0 0 0 0 0 0 0 0
429 65536 0 0 0 0 0 0 0 0 0
430 65536 0 0 0 0 0 0 0 0 0
431 65536 0 0 0 0 0 0 0 0 0
432 65536 0 0 0 0 0 0 0 0 0
433 65536 0 0 0 0 0 0 0 0 0
434 65536 0 0 0 0 0 0 0 0 0
435 65536 0 0 0 0 0 0 0 0 0
436 65536 0 0 0 0 0 0 0 0 0
437 65536 0 0 0 0 0 0 0 0 0
438 65536 0 0 0 0 0 0 0 0 0
439 65536 0 0 0 0 0 0 0 0 0
440 65536 0 0 0 0 0 0 0 0 0
441 65536 0 0 0 0 0 0 0 0 0
442 65536 0 0 0 0 0 0 0 0 0
443 65536 0 0 0 0 0 0 0 0 0
444 65536 0 0 0 0 0 0 0 0 0
445 65536 0 0 0 0 0 0 0 0 0
446 65536 0 0 0 0 0 0 0 0 0
447 65536 0 0 0 0 0 0 0 0 0
448 65536 0 0 0 0 0 0 0 0 0
449 65536 0 0 0 0 0 0 0 0 0
450 65536 0 0 0 0 0 0 0 0 0
451 65536 0 0 0 0 0 0 0 0 0
452 65536 0 0 0 0 0 0 0 0 0
453 65536 0 0 0 0 0 0 0 0 0
454 65536 0 0 0 0 0 0 0 0 0
455 65536 0 0 0 0 0 0 0 0 0
456 65536 0 0 0 0 0 0 0 0 0
457 65536 0 0 0 0 0 0 0 0 0
458 65536 0 0 0 0 0 0 0 0 0
459 65536 0 0 0 0 0 0 0 0 0
460 65536 0 0 0 0 0 0 0 0 0
461 65536 0 0 0 0 0 0 0 0 0
462 65536 0 0 0 0 0 0 0 0 0
463 65536 0 0 0 0 0 0 0 0 0
464 65536 0 0 0 0 0 0 0 0 0
465 65536 0 0 0 0 0 0 0 0 0
466 65536 0 0 0 0 0 0 0 0 0
467 65536 0 0 0 0 0 0 0 0 0
468 65536 0 0 0 0 0 0 0 0 0
469 65536 0 0 0 0 0 0 0 0 0
470 65536 0 0 0 0 0 0 0 0 0
471 65536 0 0 0 0 0 0 0 0 0
472 65536 0 0 0 0 0 0 0 0 0
473 65536 0 0 0 0 0 0 0 0 0
474 65536 0 0 0 0 0 0 0 0 0
475 65536 0 0 0 0 0 0 0 0 0
476 65536 0 0 0 0 0 0 0 0 0
477 65536 0 0 0 0 0 0 0 0 0
478 65536 0 0 0 0 0 0 0 0 0
479 65536 0 0 0 0 0 0 0 0 0
480 65536 0 0 0 0 0 0 0 0 0
481 65536 0 0 0 0 0 0 0 0 0
482 65536 0 0 0 0 0 0 0 0 0
483 65536 0 0 0 0 0 0 0 0 0
484 65536 0 0 0 0 0 0 0 0 0
485 65536 0 0 0 0 0 0 0 0 0
486 65536 0 0 0 0 0 0 0 0 0
487 65536 0 0 0 0 0 0 0 0 0
488 65536 0 0 0 0 0 0 0 0 0
489 65536 0 0 0 0 0 0 0 0 0
490 65536 0 0 0 0 0 0 0 0 0
491 65536 0 0 0 0 0 0 0 0 0
492 65536 0 0 0 0 0 0 0 0 0
493 65536 0 0 0 0 0 0 0 0 0
494 65536 0 0 0 0 0 0 0 0 0
495 65536 0 0 0 0 0 0 0 0 0
496 65536 0 0 0 0 0 0 0 0 0
497 65536 0 0 0 0 0 0 0 0 0
498 65536 0 0 0 0 0 0 0 0 0
499 65536 0 0 0 0 0 0 0 0 0
500 65536 0 0 0 0 0 0 0 0 0
501 65536 0 0 0 0 0 0 0 0 0
502 65536 0 0 0 0 0 0 0 0 0
503 65536 0 0 0 0 0 0 0 0 0
504 65536 0 0 0 0 0 0 0 0 0
505 65536 0 0 0 0 0 0 0 0 0
506 65536 0 0 0 0 0 0 0 0 0
507 65536 0 0 0 0 0 0 0 0 0
508 65536 0 0 0 0 0 0 0 0 0
509 65536 0 0 0 0 0 0 0 0 0
510 65536 0 0 0 0 0 0 0 0 0
511 65536 0 0 0 0 0 0 0 0 0
512 65536 0 0 0 0 0 0 0 0 0
513 65536 0 0 0 0 0 0 0 0 0
514 65536 0 0 0 0 0 0 0 0 0
515 65536 0 0 0 0 0 0 0 0 0
516 65536 0 0 0 0 0 0 0 0 0
517 65536 0 0 0 0 0 0 0 0 0
518 65536 0 0 0 0 0 0 0 0 0
519 65536 0 0 0 0 0 0 0 0 0
520 65536 0 0 0 0 0 0 0 0 0
521 65536 0 0 0 0 0 0 0 0 0
522 65536 0 0 0 0 0 0 0 0 0
523 65536 0 0 0 0 0 0 0 0 0
524 65536 0 0 0 0 0 0 0 0 0
525 65536 0 0 0 0 0 0 0 0 0
526 65536 0 0 0 0 0 0 0 0 0
527 65536 0 0 0 0 0 0 0 0 0
528 65536 0 0 0 0 0 0 0 0 0
529 65536 0 0 0 0 0 0 0 0 0
530 65536 0 0 0 0 0 0 0 0 0
531 65536 0 0 0 0 0 0 0 0 0
532 65536 0 0 0 0 0 0 0 0 0
533 65536 0 0 0 0 0 0 0 0 0
534 65536 0 0 0 0 0 0 0 0 0
535 65536 0 0 0 0 0 0 0 0 0
536 65536 0 0 0 0 0 0 0 0 0
537 65536 0 0 0 0 0 0 0 0 0
538 65536 0 0 0 0 0 0 0 0 0
539 65536 0 0 0 0 0 0 0 0 0
540 65536 0 0 0 0 0 0 0 0 0
541 65536 0 0 0 0 0 0 0 0 0
542 65536 0 0 0 0 0 0 0 0 0
543 65536 0 0 0 0 0 0 0 0 0
544 65536 0 0 0 0 0 0 0 0 0
545 65536 0 0 0 0 0 0 0 0 0
546 65536 0 0 0 0 0 0 0 0 0
547 65536 0 0 0 0 0 0 0 0 0
548 65536 0 0 0 0 0 0 0 0 0
549 65536 0 0 0 0 0 0 0 0 0
550 65536 0 0 0 0 0 0 0 0 0
551 65536 0 0 0 0 0 0 0 0 0
552 65536 0 0 0 0 0 0 0 0 0
553 65536 0 0 0 0 0 0 0 0 0
554 65536 0 0 0 0 0 0 0 0 0
555 65536 0 0 0 0 0 0 0 0 0
556 65536 0 0 0 0 0 0 0 0 0
557 65536 0 0 0 0 0 0 0 0 0
558 65536 0 0 0 0 0 0 0 0 0
559 65536 0 0 0 0 0 0 0 0 0
560 65536 0 0 0 0 0 0 0 0 0
561 65536 0 0 0 0 0 0 0 0 0
562 65536 0 0 0 0 0 0 0 0 0
563 65536 0 0 0 0 0 0 0 0 0
564 65536 0 0 0 0 0 0 0 0 0
565 65536 0 0 0 0 0 0 0 0 0
566 65536 0 0 0 0 0 0 0 0 0
567 65536 0 0 0 0 0 0 0 0 0
568 65536 0 0 0 0 0 0 0 0 0
569 65536 0 0 0 0 0 0 0 0 0
570 65536 0 0 0 0 0 0 0 0 0
571 65536 0 0 0 0 0 0 0 0 0
572 65536 0 0 0 0 0 0 0 0 0
573 65536 0 0 0 0 0 0 0 0 0
574 65536 0 0 0 0 0 0 0 0 0
575 65536 0 0 0 0 0 0 0 0 0
576 65536 0 0 0 0 0 0 0 0 0
577 65536 0 0 0 0 0 0 0 0 0
578 65536 0 0 0 0 0 0 0 0 0
579 65536 0 0 0 0 0 0 0 0 0
580 65536 0 0 0 0 0 0 0 0 0
581 65536 0 0 0 0 0 0 0 0 0
582 65536 0 0 0 0 0 0 0 0 0
583 65536 0 0 0 0 0 0 0 0 0
584 65536 0 0 0 0 0 0 0 0 0
585 65536 0 0 0 0 0 0 0 0 0
586 65536 0 0 0 0 0 0 0 0 0
587 65536 0 0 0 0 0 0 0 0 0
588 65536 0 0 0 0 0 0 0 0 0
589 65536 0 0 0 0 0 0 0 0 0
590 65536 0 0 0 0 0 0 0 0 0
591 65536 0 0 0 0 0 0 0 0 0
592 65536 0 0 0 0 0 0 0 0 0
593 65536 0 0 0 0 0 0 0 0 0
594 65536 0 0 0 0 0 0 0 0 0
595 65536 0 0 0 0 0 0 0 0 0
596 65536 0 0 0 0 0 0 0 0 0
597 65536 0 0 0 0 0 0 0 0 0
598 65536 0 0 0 0 0 0 0 0 0
599 65536 0 0 0 0 0 0 0 0 0
600 65536 0 0 0 0 0 0 0 0 0
601 65536 0 0 0 0 0 0 0 0 0
602 65536 0 0 0 0 0 0 0 0 0
603 65536 0 0 0 0 0 0 0 0 0
604 65536 0 0 0 0 0 0 0 0 0
605 65536 0 0 0 0 0 0 0 0 0
606 65536 0 0 0 0 0 0 0 0 0
607 65536 0 0 0 0 0 0 0 0 0
608 65536 0 0 0 0 0 0 0 0 0
609 65536 0 0 0 0 0 0 0 0 0
610 65536 0 0 0 0 0 0 0 0 0
611 65536 0 0 0 0 0 0 0 0 0
612 65536 0 0 0 0 0 0 0 0 0
613 65536 0 0 0 0 0 0 0 0 0
614 65536 0 0 0 0 0 0 0 0 0
615 65536 0 0 0 0 0 0 0 0 0
616 65536 0 0 0 0 0 0 0 0 0
617 65536 0 0 0 0 0 0 0 0 0
618 65536 0 0 0 0 0 0 0 0 0
619 65536 0 0 0 0 0 0 0 0 0
620 65536 0 0 0 0 0 0 0 0 0
621 65536 0 0 0 0 0 0 0 0 0
622 65536 0 0 0 0 0 0 0 0 0
623 65536 0 0 0 0 0 0 0 0 0
624 65536 0 0 0 0 0 0 0 0 0
625 65536 0 0 0 0 0 0 0 0 0
626 65536 0 0 0 0 0 0 0 0 0
627 65536 0 0 0 0 0 0 0 0 0
628 65536 0 0 0 0 0 0 0 0 0
629 65536 0 0 0 0 0 0 0 0 0
630 65536 0 0 0 0 0 0 0 0 0
631 65536 0 0 0 0 0 0 0 0 0
632 65536 0 0 0 0 0 0 0 0 0
633 65536 0 0 0 0 0 0 0 0 0
634 65536 0 0 0 0 0 0 0 0 0
635 65536 0 0 0 0 0 0 0 0 0
636 65536 0 0 0 0 0 0 0 0 0
637 65536 0 0 0 0 0 0 0 0 0
638 65536 0 0 0 0 0 0 0 0 0
639 65536 0 0 0 0 0 0 0 0 0
640 65536 0 0 0 0 0 0 0 0 0
641 65536 0 0 0 0 0 0 0 0 0
642 65536 0 0 0 0 0 0 0 0 0
643 65536 0 0 0 0 0 0 0 0 0
644 65536 0 0 0 0 0 0 0 0 0
645 65536 0 0 0 0 0 0 0 0 0
646 65536 0 0 0 0 0 0 0 0 0
647 65536 0 0 0 0 0 0 0 0 0
648 65536 0 0 0 0 0 0 0 0 0
649 65536 0 0 0 0 0 0 0 0 0
650 65536 0 0 0 0 0 0 0 0 0
651 65536 0 0 0 0 0 0 0 0 0
652 65536 0 0 0 0 0 0 0 0 0
653 65536 0 0 0 0 0 0 0 0 0
654 65536 0 0 0 0 0 0 0 0 0
655 65536 0 0 0 0 0 0 0 0 0
656 65536 0 0 0 0 0 0 0 0 0
657 65536 0 0 0 0 0 0 0 0 0
658 65536 0 0 0 0 0 0 0 0 0
659 65536 0 0 0 0 0 0 0 0 0
660 65536 0 0 0 0 0 0 0 0 0
661 65536 0 0 0 0 0 0 0 0 0
662 65536 0 0 0 0 0 0 0 0 0
663 65536 0 0 0 0 0 0 0 0 0
664 65536 0 0 0 0 0 0 0 0 0
665 65536 0 0 0 0 0 0 0 0 0
666 65536 0 0 0 0 0 0 0 0 0
667 65536 0 0 0 0 0 0 0 0 0
668 65536 0 0 0 0 0 0 0 0 0
669 65536 0 0 0 0 0 0 0 0 0
670 65536 0 0 0 0 0 0 0 0 0
671 65536 0 0 0 0 0 0 0 0 0
672 65536 0 0 0 0 0 0 0 0 0
673 65536 0 0 0 0 0 0 0 0 0
674 65536 0 0 0 0 0 0 0 0 0
675 65536 0 0 0 0 0 0 0 0 0
676 65536 0 0 0 0 0 0 0 0 0
677 65536 0 0 0 0 0 0 0 0 0
678 65536 0 0 0 0 0 0 0 0 0
679 65536 0 0 0 0 0 0 0 0 0
680 65536 0 0 0 0 0 0 0 0 0
681 65536 0 0 0 0 0 0 0 0 0
682 65536 0 0 0 0 0 0 0 0 0
683 65536 0 0 0 0 0 0 0 0 0
684 65536 0 0 0 0 0 0 0 0 0
685 65536 0 0 0 0 0 0 0 0 0
686 65536 0 0 0 0 0 0 0 0 0
687 65536 0 0 0 0 0 0 0 0 0
688 65536 0 0 0 0 0 0 0 0 0
689 65536 0 0 0 0 0 0 0 0 0
690 65536 0 0 0 0 0 0 0 0 0
691 65536 0 0 0 0 0 0 0 0 0
692 65536 0 0 0 0 0 0 0 0 0
693 65536 0 0 0 0 0 0 0 0 0
694 65536 0 0 0 0 0 0 0 0 0
695 65536 0 0 0 0 0 0 0 0 0
696 65536 0 0 0 0 0 0 0 0 0
697 65536 0 0 0 0 0 0 0 0 0
698 65536 0 0 0 0 0 0 0 0 0
699 65536 0 0 0 0 0 0 0 0 0
700 65536 0 0 0 0 0 0 0 0 0
701 65536 0 0 0 0 0 0 0 0 0
702 65536 0 0 0 0 0 0 0 0 0
703 65536 0 0 0 0 0 0 0 0 0
704 65536 0 0 0 0 0 0 0 0 0
705 65536 0 0 0 0 0 0 0 0 0
706 65536 0 0 0 0 0 0 0 0 0
707 65536 0 0 0 0 0 0 0 0 0
708 65536 0 0 0 0 0 0 0 0 0
709 65536 0 0 0 0 0 0 0 0 0
710 65536 0 0 0 0 0 0 0 0 0
711 65536 0 0 0 0 0 0 0 0 0
712 65536 0 0 0 0 0 0 0 0 0
713 65536 0 0 0 0 0 0 0 0 0
714 65536 0 0 0 0 0 0 0 0 0
715 65536 0 0 0 0 0 0 0 0 0
716 65536 0 0 0 0 0 0 0 0 0
717 65536 0 0 0 0 0 0 0 0 0
718 65536 0 0 0 0 0 0 0 0 0
719 65536 0 0 0 0 0 0 0 0 0
720 65536 0 0 0 0 0 0 0 0 0
721 65536 0 0 0 0 0 0 0 0 0
722 65536 0 0 0 0 0 0 0 0 0
723 65536 0 0 0 0 0 0 0 0 0
724 65536 0 0 0 0 0 0 0 0 0
725 65536 0 0 0 0 0 0 0 0 0
726 65536 0 0 0 0 0 0 0 0 0
727 65536 0 0 0 0 0 0 0 0 0
728 65536 0 0 0 0 0 0 0 0 0
729 65536 0 0 0 0 0 0 0 0 0
730 65536 0 0 0 0 0 0 0 0 0
731 65536 0 0 0 0 0 0 0 0 0
732 65536 0 0 0 0 0 0 0 0 0
733 65536 0 0 0 0 0 0 0 0 0
734 65536 0 0 0 0 0 0 0 0 0
735 65536 0 0 0 0 0 0 0 0 0
736 65536 0 0 0 0 0 0 0 0 0
737 65536 0 0 0 0 0 0 0 0 0
738 65536 0 0 0 0 0 0 0 0 0
739 65536 0 0 0 0 0 0 0 0 0
740 65536 0 0 0 0 0 0 0 0 0
741 65536 0 0 0 0 0 0 0 0 0
742 65536 0 0 0 0 0 0 0 0 0
743 65536 0 0 0 0 0 0 0 0 0
744 65536 0 0 0 0 0 0 0 0 0
745 65536 0 0 0 0 0 0 0 0 0
746 65536 0 0 0 0 0 0 0 0 0
747 65536 0 0 0 0 0 0 0 0 0
748 65536 0 0 0 0 0 0 0 0 0
749 65536 0 0 0 0 0 0 0 0 0
750 65536 0 0 0 0 0 0 0 0 0
751 65536 0 0 0 0 0 0 0 0 0
752 65536 0 0 0 0 0 0 0 0 0
753 65536 0 0 0 0 0 0 0 0 0
754 65536 0 0 0 0 0 0 0 0 0
755 65536 0 0 0 0 0 0 0 0 0
756 65536 0 0 0 0 0 0 0 0 0
757 65536 0 0 0 0 0 0 0 0 0
758 65536 0 0 0 0 0 0 0 0 0
759 65536 0 0 0 0 0 0 0 0 0
760 65536 0 0 0 0 0 0 0 0 0
761 65536 0 0 0 0 0 0 0 0 0
762 65536 0 0 0 0 0 0 0 0 0
763 65536 0 0 0 0 0 0 0 0 0
764 65536 0 0 0 0 0 0 0 0 0
765 65536 0 0 0 0 0 0 0 0 0
766 65536 0 0 0 0 0 0 0 0 0
767 65536 0 0 0 0 0 0 0 0 0
768 65536 0 0 0 0 0 0 0 0 0
769 65536 0 0 0 0 0 0 0 0 0
770 65536 0 0 0 0 0 0 0 0 0
771 65536 0 0 0 0 0 0 0 0 0
772 65536 0 0 0 0 0 0 0 0 0
773 65536 0 0 0 0 0 0 0 0 0
774 65536 0 0 0 0 0 0 0 0 0
775 65536 0 0 0 0 0 0 0 0 0
776 65536 0 0 0 0 0 0 0 0 0
777 65536 0 0 0 0 0 0 0 0 0
778 65536 0 0 0 0 0 0 0 0 0
779 65536 0 0 0 0 0 0 0 0 0
780 65536 0 0 0 0 0 0 0 0 0
781 65536 0 0 0 0 0 0 0 0 0
782 65536 0 0 0 0 0 0 0 0 0
783 65536 0 0 0 0 0 0 0 0 0
784 65536 0 0 0 0 0 0 0 0 0
785 65536 0 0 0 0 0 0 0 0 0
786 65536 0 0 0 0 0 0 0 0 0
787 65536 0 0 0 0 0 0 0 0 0
788 65536 0 0 0 0 0 0 0 0 0
789 65536 0 0 0 0 0 0 0 0 0
790 65536 0 0 0 0 0 0 0 0 0
791 65536 0 0 0 0 0 0 0 0 0
792 65536 0 0 0 0 0 0 0 0 0
793 65536 0 0 0 0 0 0 0 0 0
794 65536 0 0 0 0 0 0 0 0 0
795 65536 0 0 0 0 0 0 0 0 0
796 65536 0 0 0 0 0 0 0 0 0
797 65536 0 0 0 0 0 0 0 0 0
798 65536 0 0 0 0 0 0 0 0 0
799 65536 0 0 0 0 0 0 0 0 0
800 65536 0 0 0 0 0 0 0 0 0
801 65536 0 0 0 0 0 0 0 0 0
802 65536 0 0 0 0 0 0 0 0 0
803 65536 0 0 0 0 0 0 0 0 0
804 65536 0 0 0 0 0 0 0 0 0
805 65536 0 0 0 0 0 0 0 0 0
806 65536 0 0 0 0 0 0 0 0 0
807 65536 0 0 0 0 0 0 0 0 0
808 65536 0 0 0 0 0 0 0 0 0
809 65536 0 0 0 0 0 0 0 0 0
810 65536 0 0 0 0 0 0 0 0 0
811 65536 0 0 0 0 0 0 0 0 0
812 65536 0 0 0 0 0 0 0 0 0
813 65536 0 0 0 0 0 0 0 0 0
814 65536 0 0 0 0 0 0 0 0 0
815 65536 0 0 0 0 0 0 0 0 0
816 65536 0 0 0 0 0 0 0 0 0
817 65536 0 0 0 0 0 0 0 0 0
818 65536 0 0 0 0 0 0 0 0 0
819 65536 0 0 0 0 0 0 0 0 0
820 65536 0 0 0 0 0 0 0 0 0
821 65536 0 0 0 0 0 0 0 0 0
822 65536 0 0 0 0 0 0 0 0 0
823 65536 0 0 0 0 0 0 0 0 0
824 65536 0 0 0 0 0 0 0 0 0
825 65536 0 0 0 0 0 0 0 0 0
826 65536 0 0 0 0 0 0 0 0 0
827 65536 0 0 0 0 0 0 0 0 0
828 65536 0 0 0 0 0 0 0 0 0
829 65536 0 0 0 0 0 0 0 0 0
830 65536 0 0 0 0 0 0 0 0 0
831 65536 0 0 0 0 0 0 0 0 0
832 65536 0 0 0 0 0 0 0 0 0
833 65536 0 0 0 0 0 0 0 0 0
834 65536 0 0 0 0 0 0 0 0 0
835 65536 0 0 0 0 0 0 0 0 0
836 65536 0 0 0 0 0 0 0 0 0
837 65536 0 0 0 0 0 0 0 0 0
838 65536 0 0 0 0 0 0 0 0 0
839 65536 0 0 0 0 0 0 0 0 0
840 65536 0 0 0 0 0 0 0 0 0
841 65536 0 0 0 0 0 0 0 0 0
842 65536 0 0 0 0 0 0 0 0 0
843 65536 0 0 0 0 0 0 0 0 0
844 65536 0 0 0 0 0 0 0 0 0
845 65536 0 0 0 0 0 0 0 0 0
846 65536 0 0 0 0 0 0 0 0 0
847 65536 0 0 0 0 0 0 0 0 0
848 65536 0 0 0 0 0 0 0 0 0
849 65536 0 0 0 0 0 0 0 0 0
850 65536 0 0 0 0 0 0 0 0 0
851 65536 0 0 0 0 0 0 0 0 0
852 65536 0 0 0 0 0 0 0 0 0
853 65536 0 0 0 0 0 0 0 0 0
854 65536 0 0 0 0 0 0 0 0 0
855 65536 0 0 0 0 0 0 0 0 0
856 65536 0 0 0 0 0 0 0 0 0
857 65536 0 0 0 0 0 0 0 0 0
858 65536 0 0 0 0 0 0 0 0 0
859 65536 0 0 0 0 0 0 0 0 0
860 65536 0 0 0 0 0 0 0 0 0
861 65536 0 0 0 0 0 0 0 0 0
862 65536 0 0 0 0 0 0 0 0 0
863 65536 0 0 0 0 0 0 0 0 0
864 65536 0 0 0 0 0 0 0 0 0
865 65536 0 0 0 0 0 0 0 0 0
866 65536 0 0 0 0 0 0 0 0 0
867 65536 0 0 0 0 0 0 0 0 0
868 65536 0 0 0 0 0 0 0 0 0
869 65536 0 0 0 0 0 0 0 0 0
870 65536 0 0 0 0 0 0 0 0 0
871 65536 0 0 0 0 0 0 0 0 0
872 65536 0 0 0 0 0 0 0 0 0
873 65536 0 0 0 0 0 0 0 0 0
874 65536 0 0 0 0 0 0 0 0 0
875 65536 0 0 0 0 0 0 0 0 0
876 65536 0 0 0 0 0 0 0 0 0
877 65536 0 0 0 0 0 0 0 0 0
878 65536 0 0 0 0 0 0 0 0 0
879 65536 0 0 0 0 0 0 0 0 0
880 65536 0 0 0 0 0 0 0 0 0
881 65536 0 0 0 0 0 0 0 0 0
882 65536 0 0 0 0 0 0 0 0 0
883 65536 0 0 0 0 0 0 0 0 0
884 65536 0 0 0 0 0 0 0 0 0
885 65536 0 0 0 0 0 0 0 0 0
886 65536 0 0 0 0 0 0 0 0 0
887 65536 0 0 0 0 0 0 0 0 0
888 65536 0 0 0 0 0 0 0 0 0
889 65536 0 0 0 0 0 0 0 0 0
890 65536 0 0 0 0 0 0 0 0 0
891 65536 0 0 0 0 0 0 0 0 0
892 65536 0 0 0 0 0 0 0 0 0
893 65536 0 0 0 0 0 0 0 0 0
894 65536 0 0 0 0 0 0 0 0 0
895 65536 0 0 0 0 0 0 0 0 0
896 65536 0 0 0 0 0 0 0 0 0
897 65536 0 0 0 0 0 0 0 0 0
898 65536 0 0 0 0 0 0 0 0 0
899 65536 0 0 0 0 0 0 0 0 0
900 65536 0 0 0 0 0 0 0 0 0
901 65536 0 0 0 0 0 0 0 0 0
902 65536 0 0 0 0 0 0 0 0 0
903 65536 0 0 0 0 0 0 0 0 0
904 65536 0 0 0 0 0 0 0 0 0
905 65536 0 0 0 0 0 0 0 0 0
906 65536 0 0 0 0 0 0 0 0 0
907 65536 0 0 0 0 0 0 0 0 0
908 65536 0 0 0 0 0 0 0 0 0
909 65536 0 0 0 0 0 0 0 0 0
910 65536 0 0 0 0 0 0 0 0 0
911 65536 0 0 0 0 0 0 0 0 0
912 65536 0 0 0 0 0 0 0 0 0
913 65536 0 0 0 0 0 0 0 0 0
914 65536 0 0 0 0 0 0 0 0 0
915 65536 0 0 0 0 0 0 0 0 0
916 65536 0 0 0 0 0 0 0 0 0
917 65536 0 0 0 0 0 0 0 0 0
918 65536 0 0 0 0 0 0 0 0 0
919 65536 0 0 0 0 0 0 0 0 0
920 65536 0 0 0 0 0 0 0 0 0
921 65536 0 0 0 0 0 0 0 0 0
922 65536 0 0 0 0 0 0 0 0 0
923 65536 0 0 0 0 0 0 0 0 0
924 65536 0 0 0 0 0 0 0 0 0
925 65536 0 0 0 0 0 0 0 0 0
926 65536 0 0 0 0 0 0 0 0 0
927 65536 0 0 0 0 0 0 0 0 0
928 65536 0 0 0 0 0 0 0 0 0
929 65536 0 0 0 0 0 0 0 0 0
930 65536 0 0 0 0 0 0 0 0 0
931 65536 0 0 0 0 0 0 0 0 0
932 65536 0 0 0 0 0 0 0 0 0
933 65536 0 0 0 0 0 0 0 0 0
934 65536 0 0 0 0 0 0 0 0 0
935 65536 0 0 0 0 0 0 0 0 0
936 65536 0 0 0 0 0 0 0 0 0
937 65536 0 0 0 0 0 0 0 0 0
938 65536 0 0 0 0 0 0 0 0 0
939 65536 0 0 0 0 0 0 0 0 0
940 65536 0 0 0 0 0 0 0 0 0
941 65536 0 0 0 0 0 0 0 0 0
942 65536 0 0 0 0 0 0 0 0 0
943 65536 0 0 0 0 0 0 0 0 0
944 65536 0 0 0 0 0 0 0 0 0
945 65536 0 0 0 0 0 0 0 0 0
946 65536 0 0 0 0 0 0 0 0 0
947 65536 0 0 0 0 0 0 0 0 0
948 65536 0 0 0 0 0 0 0 0 0
949 65536 0 0 0 0 0 0 0 0 0
950 65536 0 0 0 0 0 0 0 0 0
951 65536 0 0 0 0 0 0 0 0 0
952 65536 0 0 0 0 0 0 0 0 0
953 65536 0 0 0 0 0 0 0 0 0
954 65536 0 0 0 0 0 0 0 0 0
955 65536 0 0 0 0 0 0 0 0 0
956 65536 0 0 0 0 0 0 0 0 0
957 65536 0 0 0 0 0 0 0 0 0
958 65536 0 0 0 0 0 0 0 0 0
959 65536 0 0 0 0 0 0 0 0 0
960 65536 0 0 0 0 0 0 0 0 0
961 65536 0 0 0 0 0 0 0 0 0
962 65536 0 0 0 0 0 0 0 0 0
963 65536 0 0 0 0 0 0 0 0 0
964 65536 0 0 0 0 0 0 0 0 0
965 65536 0 0 0 0 0 0 0 0 0
966 65536 0 0 0 0 0 0 0 0 0
967 65536 0 0 0 0 0 0 0 0 0
968 65536 0 0 0 0 0 0 0 0 0
969 65536 0 0 0 0 0 0 0 0 0
970 65536 0 0 0 0 0 0 0 0 0
971 65536 0 0 0 0 0 0 0 0 0
972 65536 0 0 0 0 0 0 0 0 0
973 65536 0 0 0 0 0 0 0 0 0
974 65536 0 0 0 0 0 0 0 0 0
975 65536 0 0 0 0 0 0 0 0 0
976 65536 0 0 0 0 0 0 0 0 0
977 65536 0 0 0 0 0 0 0 0 0
978 65536 0 0 0 0 0 0 0 0 0
979 65536 0 0 0 0 0 0 0 0 0
980 65536 0 0 0 0 0 0 0 0 0
981 65536 0 0 0 0 0 0 0 0 0
982 65536 0 0 0 0 0 0 0 0 0
983 65536 0 0 0 0 0 0 0 0 0
984 65536 0 0 0 0 0 0 0 0 0
985 65536 0 0 0 0 0 0 0 0 0
986 65536 0 0 0 0 0 0 0 0 0
987 65536 0 0 0 0 0 0 0 0 0
988 65536 0 0 0 0 0 0 0 0 0
989 65536 0 0 0 0 0 0 0 0 0
990 65536 0 0 0 0 0 0 0 0 0
991 65536 0 0 0 0 0 0 0 0 0
992 65536 0 0 0 0 0 0 0 0 0
993 65536 0 0 0 0 0 0 0 0 0
994 65536 0 0 0 0 0 0 0 0 0
995 65536 0 0 0 0 0 0 0 0 0
996 65536 0 0 0 0 0 0 0 0 0
997 65536 0 0 0 0 0 0 0 0 0
998 65536 0 0 0 0 0 0 0 0 0
999 65536 0 0 0 0 0 0 0 0 0
1000 65536 13 0 0 1490 0 0 0 0 0
1001 65536 26 0 0 2979 0 0 0 0 0
1002 65536 39 0 0 4469 0 0 0 0 0
1003 65536 52 0 0 5959 0 0 0 0 0
1004 65536 65 0 0 7448 0 0 0 0 0
1005 65536 78 0 0 8938 0 0 0 0 0
1006 65536 91 0 0 10428 0 0 0 0 0
1007 65536 104 0 0 11918 0 0 0 0 0
1008 65536 117 0 0 13407 0 0 0 0 0
1009 65536 130 0 0 14897 0 0 0 0 0
1010 65536 143 0 0 16387 0 0 0 0 0
1011 65536 156 0 0 17876 0 0 0 0 0
1012 65536 169 0 0 19366 0 0 0 0 0
1013 65536 182 0 0 20856 0 0 0 0 0
1014 65536 195 0 0 22345 0 0 0 0 0
1015 65536 208 0 0 23835 0 0 0 0 0
1016 65536 221 0 0 25325 0 0 0 0 0
1017 65536 234 0 0 26815 0 0 0 0 0
1018 65536 247 0 0 28304 0 0 0 0 0
1019 65535 259 0 0 29679 0 0 0 0 0
1020 65535 272 0 0 31169 0 0 0 0 0
1021 65535 285 0 0 32659 0 0 0 0 0
1022 65535 298 0 0 34148 0 0 0 0 0
1023 65535 311 0 0 35638 0 0 0 0 0
1024 65535 324 0 0 37128 0 0 0 0 0
1025 65535 337 0 0 38617 0 0 0 0 0
1026 65535 350 0 0 40107 0 0 0 0 0
1027 65535 363 0 0 41597 0 0 0 0 0
1028 65535 376 0 0 43087 0 0 0 0 0
1029 65535 389 0 0 44576 0 0 0 0 0
1030 65535 402 0 0 46066 0 0 0 0 0
1031 65535 415 0 0 47556 0 0 0 0 0
1032 65535 428 0 0 49046 0 0 0 0 0
1033 65535 441 0 0 50536 0 0 0 0 0
1034 65534 453 0 0 51910 0 0 0 0 0
1035 65534 466 0 0 53400 0 0 0 0 0
1036 65534 479 0 0 54890 0 0 0 0 0
1037 65534 492 0 0 56379 0 0 0 0 0
1038 65534 505 0 0 57869 0 0 0 0 0
1039 65534 518 0 0 59359 0 0 0 0 0
1040 65534 531 0 0 60849 0 0 0 0 0
1041 65534 544 0 0 62339 0 0 0 0 0
1042 65534 557 0 0 63829 0 0 0 0 0
1043 65534 570 0 0 65318 0 0 0 0 0
1044 65533 582 0 0 66693 0 0 0 0 0
1045 65533 595 0 0 68183 0 0 0 0 0
1046 65533 608 0 0 69672 0 0 0 0 0
1047 65533 621 0 0 71162 0 0 0 0 0
1048 65533 634 0 0 72652 0 0 0 0 0
1049 65533 647 0 0 74142 0 0 0 0 0
1050 65533 660 0 0 75632 0 0 0 0 0
1051 65533 673 0 0 77122 0 0 0 0 0
1052 65532 685 0 0 78496 0 0 0 0 0
1053 65532 698 0 0 79986 0 0 0 0 0
1054 65532 711 0 0 81476 0 0 0 0 0
1055 65532 724 0 0 82966 0 0 0 0 0
1056 65532 737 0 0 84456 0 0 0 0 0
1057 65532 750 0 0 85946 0 0 0 0 0
1058 65532 763 0 0 87436 0 0 0 0 0
1059 65531 775 0 0 88810 0 0 0 0 0
1060 65531 788 0 0 90300 0 0 0 0 0
1061 65531 801 0 0 91790 0 0 0 0 0
1062 65531 814 0 0 93280 0 0 0 0 0
1063 65531 827 0 0 94770 0 0 0 0 0
1064 65531 840 0 0 96260 0 0 0 0 0
1065 65530 852 0 0 97634 0 0 0 0 0
1066 65530 865 0 0 99124 0 0 0 0 0
1067 65530 878 0 0 100614 0 0 0 0 0
1068 65530 891 0 0 102104 0 0 0 0 0
1069 65530 904 0 0 103594 0 0 0 0 0
1070 65530 917 0 0 105085 0 0 0 0 0
1071 65529 929 0 0 106458 0 0 0 0 0
1072 65529 942 0 0 107949 0 0 0 0 0
1073 65529 955 0 0 109439 0 0 0 0 0
1074 65529 968 0 0 110929 0 0 0 0 0
1075 65529 981 0 0 112419 0 0 0 0 0
1076 65528 993 0 0 113793 0 0 0 0 0
1077 65528 1006 0 0 115283 0 0 0 0 0
1078 65528 1019 0 0 116773 0 0 0 0 0
1079 65528 1032 0 0 118264 0 0 0 0 0
1080 65528 1045 0 0 119754 0 0 0 0 0
1081 65527 1057 0 0 121128 0 0 0 0 0
1082 65527 1070 0 0 122618 0 0 0 0 0
1083 65527 1083 0 0 124108 0 0 0 0 0
1084 65527 1096 0 0 125599 0 0 0 0 0
1085 65527 1109 0 0 127089 0 0 0 0 0
1086 65526 1121 0 0 128463 0 0 0 0 0
1087 65526 1134 0 0 129953 0 0 0 0 0
1088 65526 1147 0 0 131443 0 0 0 0 0
1089 65526 1160 0 0 132934 0 0 0 0 0
1090 65526 1173 0 0 134424 0 0 0 0 0
1091 65525 1185 0 0 135798 0 0 0 0 0
1092 65525 1198 0 0 137288 0 0 0 0 0
1093 65525 1211 0 0 138779 0 0 0 0 0
1094 65525 1224 0 0 140269 0 0 0 0 0
1095 65524 1236 0 0 141643 0 0 0 0 0
1096 65524 1249 0 0 143133 0 0 0 0 0
1097 65524 1262 0 0 144624 0 0 0 0 0
1098 65524 1275 0 0 146114 0 0 0 0 0
1099 65523 1287 0 0 147488 0 0 0 0 0
1100 65523 1300 0 0 148979 0 0 0 0 0
1101 65523 1313 0 0 150469 0 0 0 0 0
1102 65523 1326 0 0 151960 0 0 0 0 0
1103 65522 1338 0 0 153333 0 0 0 0 0
1104 65522 1351 0 0 154824 0 0 0 0 0
1105 65522 1364 0 0 156315 0 0 0 0 0
1106 65522 1377 0 0 157805 0 0 0 0 0
1107 65521 1389 0 0 159179 0 0 0 0 0
1108 65521 1402 0 0 160670 0 0 0 0 0
1109 65521 1415 0 0 162160 0 0 0 0 0
1110 65520 1427 0 0 163534 0 0 0 0 0
1111 65520 1440 0 0 165025 0 0 0 0 0
1112 65520 1453 0 0 166515 0 0 0 0 0
1113 65520 1466 0 0 168006 0 0 0 0 0
1114 65519 1478 0 0 169380 0 0 0 0 0
1115 65519 1491 0 0 170871 0 0 0 0 0
1116 65519 1504 0 0 172362 0 0 0 0 0
1117 65518 1516 0 0 173735 0 0 0 0 0
1118 65518 1529 0 0 175226 0 0 0 0 0
1119 65518 1542 0 0 176717 0 0 0 0 0
1120 65518 1555 0 0 178208 0 0 0 0 0
1121 65517 1567 0 0 179581 0 0 0 0 0
1122 65517 1580 0 0 181072 0 0 0 0 0
1123 65517 1593 0 0 182563 0 0 0 0 0
1124 65516 1605 0 0 183937 0 0 0 0 0
1125 65516 1618 0 0 185428 0 0 0 0 0
1126 65516 1631 0 0 186919 0 0 0 0 0
1127 65515 1643 0 0 188293 0 0 0 0 0
1128 65515 1656 0 0 189784 0 0 0 0 0
1129 65515 1669 0 0 191275 0 0 0 0 0
1130 65514 1681 0 0 192648 0 0 0 0 0
1131 65514 1694 0 0 194139 0 0 0 0 0
1132 65514 1707 0 0 195631 0 0 0 0 0
1133 65513 1719 0 0 197004 0 0 0 0 0
1134 65513 1732 0 0 198495 0 0 0 0 0
1135 65513 1745 0 0 199987 0 0 0 0 0
1136 65512 1757 0 0 201360 0 0 0 0 0
1137 65512 1770 0 0 202851 0 0 0 0 0
1138 65512 1783 0 0 204343 0 0 0 0 0
1139 65511 1795 0 0 205716 0 0 0 0 0
1140 65511 1808 0 0 207208 0 0 0 0 0
1141 65511 1821 0 0 208699 0 0 0 0 0
1142 65510 1833 0 0 210073 0 0 0 0 0
1143 65510 1846 0 0 211564 0 0 0 0 0
1144 65510 1859 0 0 213055 0 0 0 0 0
1145 65509 1871 0 0 214429 0 0 0 0 0
1146 65509 1884 0 0 215921 0 0 0 0 0
1147 65509 1897 0 0 217412 0 0 0 0 0
1148 65508 1909 0 0 218786 0 0 0 0 0
1149 65508 1922 0 0 220277 0 0 0 0 0
1150 65507 1934 0 0 221651 0 0 0 0 0
1151 65507 1947 0 0 223142 0 0 0 0 0
1152 65507 1960 0 0 224634 0 0 0 0 0
1153 65506 1972 0 0 226008 0 0 0 0 0
1154 65506 1985 0 0 227499 0 0 0 0 0
1155 65506 1998 0 0 228991 0 0 0 0 0
1156 65505 2010 0 0 230365 0 0 0 0 0
1157 65505 2023 0 0 231856 0 0 0 0 0
1158 65504 2035 0 0 233230 0 0 0 0 0
1159 65504 2048 0 0 234722 0 0 0 0 0
1160 65504 2061 0 0 236214 0 0 0 0 0
1161 65503 2073 0 0 237587 0 0 0 0 0
1162 65503 2086 0 0 239079 0 0 0 0 0
1163 65502 2098 0 0 240453 0 0 0 0 0
1164 65502 2111 0 0 241945 0 0 0 0 0
1165 65502 2124 0 0 243437 0 0 0 0 0
1166 65501 2136 0 0 244810 0 0 0 0 0
1167 65501 2149 0 0 246302 0 0 0 0 0
1168 65500 2161 0 0 247676 0 0 0 0 0
1169 65500 2174 0 0 249168 0 0 0 0 0
1170 65499 2186 0 0 250542 0 0 0 0 0
1171 65499 2199 0 0 252034 0 0 0 0 0
1172 65499 2212 0 0 253526 0 0 0 0 0
1173 65498 2224 0 0 254900 0 0 0 0 0
1174 65498 2237 0 0 256392 0 0 0 0 0
1175 65497 2249 0 0 257765 0 0 0 0 0
1176 65497 2262 0 0 259258 0 0 0 0 0
1177 65497 2275 0 0 260750 0 0 0 0 0
1178 65496 2287 0 0 262124 0 0 0 0 0
1179 65496 2300 0 0 263616 0 0 0 0 0
1180 65495 2312 0 0 264990 0 0 0 0 0
1181 65495 2325 0 0 266482 0 0 0 0 0
1182 65494 2337 0 0 267856 0 0 0 0 0
1183 65494 2350 0 0 269349 0 0 0 0 0
1184 65493 2362 0 0 270722 0 0 0 0 0
1185 65493 2375 0 0 272215 0 0 0 0 0
1186 65492 2387 0 0 273588 0 0 0 0 0
1187 65492 2400 0 0 275081 0 0 0 0 0
1188 65492 2413 0 0 276574 0 0 0 0 0
1189 65491 2425 0 0 277947 0 0 0 0 0
1190 65491 2438 0 0 279440 0 0 0 0 0
1191 65490 2450 0 0 280814 0 0 0 0 0
1192 65490 2463 0 0 282307 0 0 0 0 0
1193 65489 2475 0 0 283680 0 0 0 0 0
1194 65489 2488 0 0 285173 0 0 0 0 0
1195 65488 2500 0 0 286547 0 0 0 0 0
1196 65488 2513 0 0 288040 0 0 0 0 0
1197 65487 2525 0 0 289414 0 0 0 0 0
1198 65487 2538 0 0 290907 0 0 0 0 0
1199 65486 2550 0 0 292281 0 0 0 0 0
1200 65486 2563 0 0 293774 0 0 0 0 0
1201 65485 2575 0 0 295147 0 0 0 0 0
1202 65485 2588 0 0 296641 0 0 0 0 0
1203 65484 2600 0 0 298014 0 0 0 0 0
1204 65484 2613 0 0 299508 0 0 0 0 0
1205 65483 2625 0 0 300881 0 0 0 0 0
1206 65483 2638 0 0 302375 0 0 0 0 0
1207 65482 2650 0 0 303749 0 0 0 0 0
1208 65482 2663 0 0 305242 0 0 0 0 0
1209 65481 2675 0 0 306616 0 0 0 0 0
1210 65481 2688 0 0 308109 0 0 0 0 0
1211 65480 2700 0 0 309483 0 0 0 0 0
1212 65480 2713 0 0 310977 0 0 0 0 0
1213 65479 2725 0 0 312351 0 0 0 0 0
1214 65479 2738 0 0 313844 0 0 0 0 0
1215 65478 2750 0 0 315218 0 0 0 0 0
1216 65478 2763 0 0 316712 0 0 0 0 0
1217 65477 2775 0 0 318086 0 0 0 0 0
1218 65477 2788 0 0 319579 0 0 0 0 0
1219 65476 2800 0 0 320953 0 0 0 0 0
1220 65476 2813 0 0 322447 0 0 0 0 0
1221 65475 2825 0 0 323821 0 0 0 0 0
1222 65475 2838 0 0 325315 0 0 0 0 0
1223 65474 2850 0 0 326689 0 0 0 0 0
1224 65473 2862 0 0 328063 0 0 0 0 0
1225 65473 2875 0 0 329557 0 0 0 0 0
1226 65472 2887 0 0 330931 0 0 0 0 0
1227 65472 2900 0 0 332425 0 0 0 0 0
1228 65471 2912 0 0 333799 0 0 0 0 0
1229 65471 2925 0 0 335293 0 0 0 0 0
1230 65470 2937 0 0 336667 0 0 0 0 0
1231 65470 2950 0 0 338162 0 0 0 0 0
1232 65469 2962 0 0 339536 0 0 0 0 0
1233 65468 2974 0 0 340910 0 0 0 0 0
1234 65468 2987 0 0 342404 0 0 0 0 0
1235 65467 2999 0 0 343778 0 0 0 0 0
1236 65467 3012 0 0 345273 0 0 0 0 0
1237 65466 3024 0 0 346647 0 0 0 0 0
1238 65466 3037 0 0 348141 0 0 0 0 0
1239 65465 3049 0 0 349516 0 0 0 0 0
1240 65464 3061 0 0 350890 0 0 0 0 0
1241 65464 3074 0 0 352384 0 0 0 0 0
1242 65463 3086 0 0 353759 0 0 0 0 0
1243 65463 3099 0 0 355253 0 0 0 0 0
1244 65462 3111 0 0 356628 0 0 0 0 0
1245 65462 3124 0 0 358122 0 0 0 0 0
1246 65461 3136 0 0 359497 0 0 0 0 0
1247 65460 3148 0 0 360871 0 0 0 0 0
1248 65460 3161 0 0 362366 0 0 0 0 0
1249 65459 3173 0 0 363740 0 0 0 0 0
1250 65459 3186 0 0 365235 0 0 0 0 0
1251 65458 3198 0 0 366610 0 0 0 0 0
1252 65457 3210 0 0 367984 0 0 0 0 0
1253 65457 3223 0 0 369479 0 0 0 0 0
1254 65456 3235 0 0 370854 0 0 0 0 0
1255 65455 3247 0 0 372228 0 0 0 0 0
1256 65455 3260 0 0 373723 0 0 0 0 0
1257 65454 3272 0 0 375098 0 0 0 0 0
1258 65454 3285 0 0 376593 0 0 0 0 0
1259 65453 3297 0 0 377968 0 0 0 0 0
1260 65452 3309 0 0 379342 0 0 0 0 0
1261 65452 3322 0 0 380838 0 0 0 0 0
1262 65451 3334 0 0 382212 0 0 0 0 0
1263 65450 3346 0 0 383587 0 0 0 0 0
1264 65450 3359 0 0 385083 0 0 0 0 0
1265 65449 3371 0 0 386457 0 0 0 0 0
1266 65449 3384 0 0 387953 0 0 0 0 0
1267 65448 3396 0 0 389328 0 0 0 0 0
1268 65447 3408 0 0 390702 0 0 0 0 0
1269 65447 3421 0 0 392198 0 0 0 0 0
1270 65446 3433 0 0 393573 0 0 0 0 0
1271 65445 3445 0 0 394948 0 0 0 0 0
1272 65445 3458 0 0 396443 0 0 0 0 0
1273 65444 3470 0 0 397818 0 0 0 0 0
1274 65443 3482 0 0 399193 0 0 0 0 0
1275 65443 3495 0 0 400689 0 0 0 0 0
1276 65442 3507 0 0 402064 0 0 0 0 0
1277 65441 3519 0 0 403439 0 0 0 0 0
1278 65441 3532 0 0 404935 0 0 0 0 0
1279 65440 3544 0 0 406310 0 0 0 0 0
1280 65439 3556 0 0 407685 0 0 0 0 0
1281 65439 3569 0 0 409181 0 0 0 0 0
1282 65438 3581 0 0 410556 0 0 0 0 0
1283 65437 3593 0 0 411931 0 0 0 0 0
1284 65437 3606 0 0 413428 0 0 0 0 0
1285 65436 3618 0 0 414803 0 0 0 0 0
1286 65435 3630 0 0 416178 0 0 0 0 0
1287 65435 3643 0 0 417674 0 0 0 0 0
1288 65434 3655 0 0 419050 0 0 0 0 0
1289 65433 3667 0 0 420425 0 0 0 0 0
1290 65433 3680 0 0 421921 0 0 0 0 0
1291 65432 3692 0 0 423297 0 0 0 0 0
1292 65431 3704 0 0 424672 0 0 0 0 0
1293 65431 3717 0 0 426169 0 0 0 0 0
1294 65430 3729 0 0 427544 0 0 0 0 0
1295 65429 3741 0 0 428919 0 0 0 0 0
1296 65428 3753 0 0 430295 0 0 0 0 0
1297 65428 3766 0 0 431792 0 0 0 0 0
1298 65427 3778 0 0 433167 0 0 0 0 0
1299 65426 3790 0 0 434542 0 0 0 0 0
1300 65426 3803 0 0 436040 0 0 0 0 0
1301 65425 3815 0 0 437415 0 0 0 0 0
1302 65424 3827 0 0 438790 0 0 0 0 0
1303 65423 3839 0 0 440166 0 0 0 0 0
1304 65423 3852 0 0 441663 0 0 0 0 0
1305 65422 3864 0 0 443039 0 0 0 0 0
1306 65421 3876 0 0 444414 0 0 0 0 0
1307 65421 3889 0 0 445912 0 0 0 0 0
1308 65420 3901 0 0 447287 0 0 0 0 0
1309 65419 3913 0 0 448663 0 0 0 0 0
1310 65418 3925 0 0 450039 0 0 0 0 0
1311 65418 3938 0 0 451536 0 0 0 0 0
1312 65417 3950 0 0 452912 0 0 0 0 0
1313 65416 3962 0 0 454288 0 0 0 0 0
1314 65415 3974 0 0 455664 0 0 0 0 0
1315 65415 3987 0 0 457162 0 0 0 0 0
1316 65414 3999 0 0 458537 0 0 0 0 0
1317 65413 4011 0 0 459913 0 0 0 0 0
1318 65412 4023 0 0 461289 0 0 0 0 0
1319 65412 4036 0 0 462787 0 0 0 0 0
1320 65411 4048 0 0 464163 0 0 0 0 0
1321 65410 4060 0 0 465539 0 0 0 0 0
1322 65409 4072 0 0 466915 0 0 0 0 0
1323 65409 4085 0 0 468413 0 0 0 0 0
1324 65408 4097 0 0 469789 0 0 0 0 0
1325 65407 4109 0 0 471165 0 0 0 0 0
1326 65406 4121 0 0 472541 0 0 0 0 0
1327 65405 4133 0 0 473917 0 0 0 0 0
1328 65405 4146 0 0 475416 0 0 0 0 0
1329 65404 4158 0 0 476792 0 0 0 0 0
1330 65403 4170 0 0 478168 0 0 0 0 0
1331 65402 4182 0 0 479545 0 0 0 0 0
1332 65402 4195 0 0 481043 0 0 0 0 0
1333 65401 4207 0 0 482420 0 0 0 0 0
1334 65400 4219 0 0 483796 0 0 0 0 0
1335 65399 4231 0 0 485172 0 0 0 0 0
1336 65398 4243 0 0 486549 0 0 0 0 0
1337 65398 4256 0 0 488048 0 0 0 0 0
1338 65397 4268 0 0 489424 0 0 0 0 0
1339 65396 4280 0 0 490800 0 0 0 0 0
1340 65395 4292 0 0 492177 0 0 0 0 0
1341 65394 4304 0 0 493553 0 0 0 0 0
1342 65394 4317 0 0 495053 0 0 0 0 0
1343 65393 4329 0 0 496429 0 0 0 0 0
1344 65392 4341 0 0 497806 0 0 0 0 0
1345 65391 4353 0 0 499183 0 0 0 0 0
1346 65390 4365 0 0 500559 0 0 0 0 0
1347 65390 4378 0 0 502059 0 0 0 0 0
1348 65389 4390 0 0 503435 0 0 0 0 0
1349 65388 4402 0 0 504812 0 0 0 0 0
1350 65387 4414 0 0 506189 0 0 0 0 0
1351 65386 4426 0 0 507566 0 0 0 0 0
1352 65385 4438 0 0 508943 0 0 0 0 0
1353 65385 4451 0 0 510442 0 0 0 0 0
1354 65384 4463 0 0 511819 0 0 0 0 0
1355 65383 4475 0 0 513196 0 0 0 0 0
1356 65382 4487 0 0 514573 0 0 0 0 0
1357 65381 4499 0 0 515950 0 0 0 0 0
1358 65380 4511 0 0 517327 0 0 0 0 0
1359 65380 4524 0 0 518827 0 0 0 0 0
1360 65379 4536 0 0 520205 0 0 0 0 0
1361 65378 4548 0 0 521582 0 0 0 0 0
1362 65377 4560 0 0 522959 0 0 0 0 0
1363 65376 4572 0 0 524336 0 0 0 0 0
1364 65375 4584 0 0 525713 0 0 0 0 0
1365 65375 4597 0 0 527214 0 0 0 0 0
1366 65374 4609 0 0 528591 0 0 0 0 0
1367 65373 4621 0 0 529968 0 0 0 0 0
1368 65372 4633 0 0 531346 0 0 0 0 0
1369 65371 4645 0 0 532723 0 0 0 0 0
1370 65370 4657 0 0 534100 0 0 0 0 0
1371 65369 4669 0 0 535478 0 0 0 0 0
1372 65369 4682 0 0 536979 0 0 0 0 0
1373 65368 4694 0 0 538356 0 0 0 0 0
1374 65367 4706 0 0 539734 0 0 0 0 0
1375 65366 4718 0 0 541111 0 0 0 0 0
1376 65365 4730 0 0 542489 0 0 0 0 0
1377 65364 4742 0 0 543867 0 0 0 0 0
1378 65363 4754 0 0 545244 0 0 0 0 0
1379 65362 4766 0 0 546622 0 0 0 0 0
1380 65362 4779 0 0 548124 0 0 0 0 0
1381 65361 4791 0 0 549501 0 0 0 0 0
1382 65360 4803 0 0 550879 0 0 0 0 0
1383 65359 4815 0 0 552257 0 0 0 0 0
1384 65358 4827 0 0 553635 0 0 0 0 0
1385 65357 4839 0 0 555013 0 0 0 0 0
1386 65356 4851 0 0 556391 0 0 0 0 0
1387 65355 4863 0 0 557769 0 0 0 0 0
1388 65354 4875 0 0 559147 0 0 0 0 0
1389 65353 4887 0 0 560525 0 0 0 0 0
1390 65353 4900 0 0 562027 0 0 0 0 0
1391 65352 4912 0 0 563405 0 0 0 0 0
1392 65351 4924 0 0 564783 0 0 0 0 0
1393 65350 4936 0 0 566161 0 0 0 0 0
1394 65349 4948 0 0 567540 0 0 0 0 0
1395 65348 4960 0 0 568918 0 0 0 0 0
1396 65347 4972 0 0 570296 0 0 0 0 0
1397 65346 4984 0 0 571674 0 0 0 0 0
1398 65345 4996 0 0 573053 0 0 0 0 0
1399 65344 5008 0 0 574431 0 0 0 0 0
1400 65343 5020 0 0 575810 0 0 0 0 0
1401 65342 5032 0 0 577188 0 0 0 0 0
1402 65342 5045 0 0 578691 0 0 0 0 0
1403 65341 5057 0 0 580070 0 0 0 0 0
1404 65340 5069 0 0 581448 0 0 0 0 0
1405 65339 5081 0 0 582827 0 0 0 0 0
1406 65338 5093 0 0 584206 0 0 0 0 0
1407 65337 5105 0 0 585584 0 0 0 0 0
1408 65336 5117 0 0 586963 0 0 0 0 0
1409 65335 5129 0 0 588342 0 0 0 0 0
1410 65334 5141 0 0 589721 0 0 0 0 0
1411 65333 5153 0 0 591100 0 0 0 0 0
1412 65332 5165 0 0 592478 0 0 0 0 0
1413 65331 5177 0 0 593857 0 0 0 0 0
1414 65330 5189 0 0 595236 0 0 0 0 0
1415 65329 5201 0 0 596615 0 0 0 0 0
1416 65328 5213 0 0 597994 0 0 0 0 0
1417 65327 5225 0 0 599374 0 0 0 0 0
1418 65326 5237 0 0 600753 0 0 0 0 0
1419 65325 5249 0 0 602132 0 0 0 0 0
1420 65324 5261 0 0 603511 0 0 0 0 0
1421 65323 5273 0 0 604890 0 0 0 0 0
1422 65322 5285 0 0 606270 0 0 0 0 0
1423 65322 5298 0 0 607774 0 0 0 0 0
1424 65320 5310 0 0 609144 0 0 0 0 0
1425 65319 5322 0 0 610524 0 0 0 0 0
1426 65318 5334 0 0 611903 0 0 0 0 0
1427 65318 5346 0 0 613292 0 0 0 0 0
1428 65317 5358 0 0 614671 0 0 0 0 0
1429 65316 5370 0 0 616051 0 0 0 0 0
1430 65315 5382 0 0 617431 0 0 0 0 0
1431 65314 5394 0 0 618810 0 0 0 0 0
1432 65313 5406 0 0 620190 0 0 0 0 0
1433 65312 5418 0 0 621570 0 0 0 0 0
1434 65311 5430 0 0 622949 0 0 0 0 0
1435 65310 5442 0 0 624329 0 0 0 0 0
1436 65309 5454 0 0 625709 0 0 0 0 0
1437 65308 5466 0 0 627089 0 0 0 0 0
1438 65307 5478 0 0 628469 0 0 0 0 0
1439 65306 5490 0 0 629849 0 0 0 0 0
1440 65305 5502 0 0 631229 0 0 0 0 0
1441 65304 5514 0 0 632609 0 0 0 0 0
1442 65303 5526 0 0 633989 0 0 0 0 0
1443 65302 5538 0 0 635370 0 0 0 0 0
1444 65300 5550 0 0 636740 0 0 0 0 0
1445 65299 5562 0 0 638121 0 0 0 0 0
1446 65298 5574 0 0 639501 0 0 0 0 0
1447 65297 5586 0 0 640881 0 0 0 0 0
1448 65296 5598 0 0 642262 0 0 0 0 0
1449 65295 5610 0 0 643642 0 0 0 0 0
1450 65294 5622 0 0 645023 0 0 0 0 0
1451 65293 5634 0 0 646403 0 0 0 0 0
1452 65292 5646 0 0 647784 0 0 0 0 0
1453 65291 5658 0 0 649164 0 0 0 0 0
1454 65290 5670 0 0 650545 0 0 0 0 0
1455 65289 5682 0 0 651926 0 0 0 0 0
1456 65288 5694 0 0 653306 0 0 0 0 0
1457 65287 5706 0 0 654687 0 0 0 0 0
1458 65286 5718 0 0 656068 0 0 0 0 0
1459 65285 5730 0 0 657449 0 0 0 0 0
1460 65284 5742 0 0 658830 0 0 0 0 0
1461 65283 5754 0 0 660211 0 0 0 0 0
1462 65282 5766 0 0 661592 0 0 0 0 0
1463 65281 5778 0 0 662973 0 0 0 0 0
1464 65280 5790 0 0 664354 0 0 0 0 0
1465 65279 5802 0 0 665735 0 0 0 0 0
1466 65278 5814 0 0 667116 0 0 0 0 0
1467 65276 5826 0 0 668488 0 0 0 0 0
1468 65275 5838 0 0 669869 0 0 0 0 0
1469 65274 5850 0 0 671250 0 0 0 0 0
1470 65273 5862 0 0 672632 0 0 0 0 0
1471 65272 5874 0 0 674013 0 0 0 0 0
1472 65271 5886 0 0 675395 0 0 0 0 0
1473 65270 5898 0 0 676776 0 0 0 0 0
1474 65269 5910 0 0 678158 0 0 0 0 0
1475 65268 5922 0 0 679539 0 0 0 0 0
1476 65267 5934 0 0 680921 0 0 0 0 0
1477 65266 5946 0 0 682303 0 0 0 0 0
1478 65265 5958 0 0 683684 0 0 0 0 0
1479 65263 5970 0 0 685056 0 0 0 0 0
1480 65262 5982 0 0 686438 0 0 0 0 0
1481 65261 5994 0 0 687820 0 0 0 0 0
1482 65260 6006 0 0 689202 0 0 0 0 0
1483 65259 6018 0 0 690584 0 0 0 0 0
1484 65258 6030 0 0 691966 0 0 0 0 0
1485 65257 6042 0 0 693348 0 0 0 0 0
1486 65256 6054 0 0 694730 0 0 0 0 0
1487 65255 6066 0 0 696112 0 0 0 0 0
1488 65253 6078 0 0 697484 0 0 0 0 0
1489 65252 6090 0 0 698866 0 0 0 0 0
1490 65251 6102 0 0 700249 0 0 0 0 0
1491 65250 6114 0 0 701631 0 0 0 0 0
1492 65249 6126 0 0 703014 0 0 0 0 0
1493 65248 6138 0 0 704396 0 0 0 0 0
1494 65247 6150 0 0 705779 0 0 0 0 0
1495 65246 6162 0 0 707161 0 0 0 0 0
1496 65244 6174 0 0 708533 0 0 0 0 0
1497 65243 6186 0 0 709916 0 0 0 0 0
1498 65242 6198 0 0 711299 0 0 0 0 0
1499 65241 6210 0 0 712682 0 0 0 0 0
1500 65240 6222 0 0 714064 0 0 0 0 0
1501 65239 6234 0 0 715447 0 0 0 0 0
1502 65238 6246 0 0 716830 0 0 0 0 0
1503 65236 6258 0 0 718203 0 0 0 0 0
1504 65235 6270 0 0 719586 0 0 0 0 0
1505 65234 6282 0 0 720969 0 0 0 0 0
1506 65233 6294 0 0 722352 0 0 0 0 0
1507 65232 6306 0 0 723735 0 0 0 0 0
1508 65231 6318 0 0 725118 0 0 0 0 0
1509 65229 6330 0 0 726491 0 0 0 0 0
1510 65228 6342 0 0 727874 0 0 0 0 0
1511 65227 6354 0 0 729258 0 0 0 0 0
1512 65226 6366 0 0 730641 0 0 0 0 0
1513 65225 6378 0 0 732025 0 0 0 0 0
1514 65224 6390 0 0 733408 0 0 0 0 0
1515 65222 6402 0 0 734781 0 0 0 0 0
1516 65221 6414 0 0 736165 0 0 0 0 0
1517 65220 6426 0 0 737548 0 0 0 0 0
1518 65219 6438 0 0 738932 0 0 0 0 0
1519 65218 6450 0 0 740316 0 0 0 0 0
1520 65217 6462 0 0 741700 0 0 0 0 0
1521 65215 6474 0 0 743073 0 0 0 0 0
1522 65214 6486 0 0 744457 0 0 0 0 0
1523 65213 6498 0 0 745841 0 0 0 0 0
1524 65212 6510 0 0 747225 0 0 0 0 0
1525 65211 6522 0 0 748609 0 0 0 0 0
1526 65209 6534 0 0 749982 0 0 0 0 0
1527 65208 6546 0 0 751366 0 0 0 0 0
1528 65207 6558 0 0 752751 0 0 0 0 0
1529 65206 6570 0 0 754135 0 0 0 0 0
1530 65205 6582 0 0 755520 0 0 0 0 0
1531 65203 6594 0 0 756893 0 0 0 0 0
1532 65202 6606 0 0 758277 0 0 0 0 0
1533 65201 6618 0 0 759662 0 0 0 0 0
1534 65200 6630 0 0 761047 0 0 0 0 0
1535 65198 6642 0 0 762420 0 0 0 0 0
1536 65197 6654 0 0 763805 0 0 0 0 0
1537 65196 6666 0 0 765189 0 0 0 0 0
1538 65195 6678 0 0 766574 0 0 0 0 0
1539 65194 6690 0 0 767959 0 0 0 0 0
1540 65192 6702 0 0 769333 0 0 0 0 0
1541 65191 6714 0 0 770718 0 0 0 0 0
1542 65190 6726 0 0 772103 0 0 0 0 0
1543 65189 6738 0 0 773488 0 0 0 0 0
1544 65187 6750 0 0 774862 0 0 0 0 0
1545 65186 6762 0 0 776247 0 0 0 0 0
1546 65185 6774 0 0 777632 0 0 0 0 0
1547 65184 6786 0 0 779018 0 0 0 0 0
1548 65182 6798 0 0 780392 0 0 0 0 0
1549 65181 6810 0 0 781777 0 0 0 0 0
1550 65180 6822 0 0 783163 0 0 0 0 0
1551 65179 6834 0 0 784548 0 0 0 0 0
1552 65177 6846 0 0 785922 0 0 0 0 0
1553 65176 6858 0 0 787308 0 0 0 0 0
1554 65175 6870 0 0 788694 0 0 0 0 0
1555 65174 6882 0 0 790080 0 0 0 0 0
1556 65172 6894 0 0 791454 0 0 0 0 0
1557 65171 6906 0 0 792840 0 0 0 0 0
1558 65170 6918 0 0 794226 0 0 0 0 0
1559 65168 6930 0 0 795600 0 0 0 0 0
1560 65167 6942 0 0 796986 0 0 0 0 0
1561 65166 6954 0 0 798373 0 0 0 0 0
1562 65165 6966 0 0 799759 0 0 0 0 0
1563 65163 6978 0 0 801133 0 0 0 0 0
1564 65162 6990 0 0 802520 0 0 0 0 0
1565 65161 7002 0 0 803906 0 0 0 0 0
1566 65159 7014 0 0 805281 0 0 0 0 0
1567 65158 7026 0 0 806667 0 0 0 0 0
1568 65157 7038 0 0 808054 0 0 0 0 0
1569 65156 7050 0 0 809440 0 0 0 0 0
1570 65154 7062 0 0 810815 0 0 0 0 0
1571 65153 7074 0 0 812202 0 0 0 0 0
1572 65152 7086 0 0 813589 0 0 0 0 0
1573 65150 7098 0 0 814964 0 0 0 0 0
1574 65149 7110 0 0 816351 0 0 0 0 0
1575 65148 7122 0 0 817738 0 0 0 0 0
1576 65146 7134 0 0 819113 0 0 0 0 0
1577 65145 7146 0 0 820500 0 0 0 0 0
1578 65144 7158 0 0 821887 0 0 0 0 0
1579 65143 7170 0 0 823274 0 0 0 0 0
1580 65141 7182 0 0 824649 0 0 0 0 0
1581 65140 7194 0 0 826037 0 0 0 0 0
1582 65139 7206 0 0 827424 0 0 0 0 0
1583 65137 7218 0 0 828800 0 0 0 0 0
1584 65136 7230 0 0 830187 0 0 0 0 0
1585 65135 7242 0 0 831575 0 0 0 0 0
1586 65133 7254 0 0 832950 0 0 0 0 0
1587 65132 7266 0 0 834338 0 0 0 0 0
1588 65131 7278 0 0 835726 0 0 0 0 0
1589 65129 7290 0 0 837101 0 0 0 0 0
1590 65128 7302 0 0 838489 0 0 0 0 0
1591 65126 7314 0 0 839865 0 0 0 0 0
1592 65125 7326 0 0 841253 0 0 0 0 0
1593 65124 7338 0 0 842641 0 0 0 0 0
1594 65122 7350 0 0 844017 0 0 0 0 0
1595 65121 7362 0 0 845405 0 0 0 0 0
1596 65120 7374 0 0 846794 0 0 0 0 0
1597 65118 7386 0 0 848169 0 0 0 0 0
1598 65117 7398 0 0 849558 0 0 0 0 0
1599 65116 7410 0 0 850947 0 0 0 0 0
1600 65114 7422 0 0 852322 0 0 0 0 0
1601 65113 7434 0 0 853711 0 0 0 0 0
1602 65112 7446 0 0 855100 0 0 0 0 0
1603 65110 7458 0 0 856476 0 0 0 0 0
1604 65109 7470 0 0 857865 0 0 0 0 0
1605 65107 7482 0 0 859241 0 0 0 0 0
1606 65106 7494 0 0 860630 0 0 0 0 0
1607 65105 7506 0 0 862019 0 0 0 0 0
1608 65103 7518 0 0 863396 0 0 0 0 0
1609 65102 7530 0 0 864785 0 0 0 0 0
1610 65100 7542 0 0 866161 0 0 0 0 0
1611 65099 7554 0 0 867551 0 0 0 0 0
1612 65098 7566 0 0 868940 0 0 0 0 0
1613 65096 7578 0 0 870317 0 0 0 0 0
1614 65095 7590 0 0 871706 0 0 0 0 0
1615 65094 7602 0 0 873096 0 0 0 0 0
1616 65092 7614 0 0 874472 0 0 0 0 0
1617 65091 7626 0 0 875862 0 0 0 0 0
1618 65089 7638 0 0 877239 0 0 0 0 0
1619 65088 7650 0 0 878629 0 0 0 0 0
1620 65086 7662 0 0 880006 0 0 0 0 0
1621 65085 7674 0 0 881396 0 0 0 0 0
1622 65084 7686 0 0 882786 0 0 0 0 0
1623 65082 7698 0 0 884163 0 0 0 0 0
1624 65081 7710 0 0 885553 0 0 0 0 0
1625 65079 7722 0 0 886930 0 0 0 0 0
1626 65078 7734 0 0 888321 0 0 0 0 0
1627 65077 7746 0 0 889711 0 0 0 0 0
1628 65075 7758 0 0 891088 0 0 0 0 0
1629 65074 7770 0 0 892479 0 0 0 0 0
1630 65072 7782 0 0 893856 0 0 0 0 0
1631 65071 7794 0 0 895247 0 0 0 0 0
1632 65069 7806 0 0 896624 0 0 0 0 0
1633 65068 7818 0 0 898015 0 0 0 0 0
1634 65066 7830 0 0 899393 0 0 0 0 0
1635 65065 7842 0 0 900784 0 0 0 0 0
1636 65064 7854 0 0 902175 0 0 0 0 0
1637 65062 7866 0 0 903553 0 0 0 0 0
1638 65061 7878 0 0 904944 0 0 0 0 0
1639 65059 7890 0 0 906322 0 0 0 0 0
1640 65058 7902 0 0 907713 0 0 0 0 0
1641 65056 7914 0 0 909091 0 0 0 0 0
1642 65055 7926 0 0 910482 0 0 0 0 0
1643 65053 7938 0 0 911860 0 0 0 0 0
1644 65052 7950 0 0 913252 0 0 0 0 0
1645 65050 7962 0 0 914630 0 0 0 0 0
1646 65049 7974 0 0 916022 0 0 0 0 0
1647 65048 7986 0 0 917414 0 0 0 0 0
1648 65046 7998 0 0 918792 0 0 0 0 0
1649 65045 8010 0 0 920184 0 0 0 0 0
1650 65043 8022 0 0 921562 0 0 0 0 0
1651 65042 8034 0 0 922954 0 0 0 0 0
1652 65040 8046 0 0 924333 0 0 0 0 0
1653 65039 8058 0 0 925725 0 0 0 0 0
1654 65037 8070 0 0 927104 0 0 0 0 0
1655 65036 8082 0 0 928496 0 0 0 0 0
1656 65034 8094 0 0 929875 0 0 0 0 0
1657 65033 8106 0 0 931267 0 0 0 0 0
1658 65031 8118 0 0 932646 0 0 0 0 0
1659 65030 8130 0 0 934039 0 0 0 0 0
1660 65028 8142 0 0 935418 0 0 0 0 0
1661 65027 8154 0 0 936811 0 0 0 0 0
1662 65025 8166 0 0 938190 0 0 0 0 0
1663 65024 8178 0 0 939583 0 0 0 0 0
1664 65022 8190 0 0 940962 0 0 0 0 0
1665 65021 8202 0 0 942355 0 0 0 0 0
1666 65019 8214 0 0 943734 0 0 0 0 0
1667 65018 8226 0 0 945127 0 0 0 0 0
1668 65016 8238 0 0 946507 0 0 0 0 0
1669 65015 8250 0 0 947900 0 0 0 0 0
1670 65013 8262 0 0 949280 0 0 0 0 0
1671 65011 8274 0 0 950659 0 0 0 0 0
1672 65010 8286 0 0 952053 0 0 0 0 0
1673 65008 8298 0 0 953432 0 0 0 0 0
1674 65007 8310 0 0 954826 0 0 0 0 0
1675 65005 8322 0 0 956206 0 0 0 0 0
1676 65004 8334 0 0 957600 0 0 0 0 0
1677 65002 8346 0 0 958980 0 0 0 0 0
1678 65001 8358 0 0 960374 0 0 0 0 0
1679 64999 8370 0 0 961754 0 0 0 0 0
1680 64998 8382 0 0 963148 0 0 0 0 0
1681 64996 8394 0 0 964528 0 0 0 0 0
1682 64995 8406 0 0 965922 0 0 0 0 0
1683 64993 8418 0 0 967303 0 0 0 0 0
1684 64991 8430 0 0 968683 0 0 0 0 0
1685 64990 8442 0 0 970077 0 0 0 0 0
1686 64988 8454 0 0 971458 0 0 0 0 0
1687 64987 8466 0 0 972853 0 0 0 0 0
1688 64985 8478 0 0 974233 0 0 0 0 0
1689 64984 8490 0 0 975628 0 0 0 0 0
1690 64982 8502 0 0 977009 0 0 0 0 0
1691 64980 8514 0 0 978389 0 0 0 0 0
1692 64979 8526 0 0 979784 0 0 0 0 0
1693 64977 8538 0 0 981165 0 0 0 0 0
1694 64976 8550 0 0 982560 0 0 0 0 0
1695 64974 8562 0 0 983941 0 0 0 0 0
1696 64973 8574 0 0 985337 0 0 0 0 0
1697 64971 8586 0 0 986718 0 0 0 0 0
1698 64969 8598 0 0 988099 0 0 0 0 0
1699 64968 8610 0 0 989495 0 0 0 0 0
1700 64966 8622 0 0 990876 0 0 0 0 0
1701 64965 8634 0 0 992272 0 0 0 0 0
1702 64963 8646 0 0 993653 0 0 0 0 0
1703 64961 8658 0 0 995034 0 0 0 0 0
1704 64960 8670 0 0 996430 0 0 0 0 0
1705 64958 8682 0 0 997812 0 0 0 0 0
1706 64957 8694 0 0 999208 0 0 0 0 0
1707 64955 8706 0 0 1000590 0 0 0 0 0
1708 64953 8718 0 0 1001971 0 0 0 0 0
1709 64952 8730 0 0 1003368 0 0 0 0 0
1710 64950 8742 0 0 1004749 0 0 0 0 0
1711 64949 8754 0 0 1006146 0 0 0 0 0
1712 64947 8766 0 0 1007528 0 0 0 0 0
1713 64945 8778 0 0 1008910 0 0 0 0 0
1714 64944 8790 0 0 1010307 0 0 0 0 0
1715 64942 8802 0 0 1011689 0 0 0 0 0
1716 64940 8814 0 0 1013071 0 0 0 0 0
1717 64939 8826 0 0 1014468 0 0 0 0 0
1718 64937 8838 0 0 1015850 0 0 0 0 0
1719 64936 8850 0 0 1017248 0 0 0 0 0
1720 64934 8862 0 0 1018630 0 0 0 0 0
1721 64932 8874 0 0 1020013 0 0 0 0 0
1722 64931 8886 0 0 1021410 0 0 0 0 0
1723 64929 8898 0 0 1022793 0 0 0 0 0
1724 64927 8910 0 0 1024175 0 0 0 0 0
1725 64926 8922 0 0 1025573 0 0 0 0 0
1726 64924 8934 0 0 1026956 0 0 0 0 0
1727 64922 8946 0 0 1028339 0 0 0 0 0
1728 64921 8958 0 0 1029737 0 0 0 0 0
1729 64919 8970 0 0 1031120 0 0 0 0 0
1730 64917 8982 0 0 1032503 0 0 0 0 0
1731 64916 8994 0 0 1033901 0 0 0 0 0
1732 64914 9006 0 0 1035284 0 0 0 0 0
1733 64912 9018 0 0 1036667 0 0 0 0 0
1734 64911 9030 0 0 1038066 0 0 0 0 0
1735 64909 9042 0 0 1039449 0 0 0 0 0
1736 64907 9054 0 0 1040832 0 0 0 0 0
1737 64906 9066 0 0 1042231 0 0 0 0 0
1738 64904 9078 0 0 1043615 0 0 0 0 0
1739 64902 9090 0 0 1044998 0 0 0 0 0
1740 64901 9102 0 0 1046397 0 0 0 0 0
1741 64899 9114 0 0 1047781 0 0 0 0 0
1742 64898 9125 0 0 1049062 0 0 0 0 0
1743 64896 9136 0 0 1050328 0 0 0 0 0
1744 64894 9147 0 0 1051594 0 0 0 0 0
1745 64893 9158 0 0 1052876 0 0 0 0 0
1746 64891 9169 0 0 1054142 0 0 0 0 0
1747 64890 9180 0 0 1055423 0 0 0 0 0
1748 64888 9191 0 0 1056690 0 0 0 0 0
1749 64887 9202 0 0 1057971 0 0 0 0 0
1750 64885 9213 0 0 1059238 0 0 0 0 0
1751 64884 9224 0 0 1060520 0 0 0 0 0
1752 64882 9235 0 0 1061786 0 0 0 0 0
1753 64880 9246 0 0 1063053 0 0 0 0 0
1754 64879 9257 0 0 1064335 0 0 0 0 0
1755 64877 9268 0 0 1065601 0 0 0 0 0
1756 64876 9279 0 0 1066883 0 0 0 0 0
1757 64874 9290 0 0 1068150 0 0 0 0 0
1758 64873 9301 0 0 1069433 0 0 0 0 0
1759 64871 9312 0 0 1070699 0 0 0 0 0
1760 64869 9323 0 0 1071966 0 0 0 0 0
1761 64868 9334 0 0 1073249 0 0 0 0 0
1762 64866 9345 0 0 1074516 0 0 0 0 0
1763 64865 9356 0 0 1075799 0 0 0 0 0
1764 64863 9367 0 0 1077066 0 0 0 0 0
1765 64861 9378 0 0 1078333 0 0 0 0 0
1766 64860 9389 0 0 1079616 0 0 0 0 0
1767 64858 9400 0 0 1080883 0 0 0 0 0
1768 64857 9411 0 0 1082166 0 0 0 0 0
1769 64855 9422 0 0 1083433 0 0 0 0 0
1770 64853 9433 0 0 1084701 0 0 0 0 0
1771 64852 9444 0 0 1085984 0 0 0 0 0
1772 64850 9455 0 0 1087252 0 0 0 0 0
1773 64849 9466 0 0 1088535 0 0 0 0 0
1774 64847 9477 0 0 1089803 0 0 0 0 0
1775 64845 9488 0 0 1091070 0 0 0 0 0
1776 64844 9499 0 0 1092354 0 0 0 0 0
1777 64842 9510 0 0 1093622 0 0 0 0 0
1778 64841 9521 0 0 1094906 0 0 0 0 0
1779 64839 9532 0 0 1096174 0 0 0 0 0
1780 64837 9543 0 0 1097441 0 0 0 0 0
1781 64836 9554 0 0 1098726 0 0 0 0 0
1782 64834 9565 0 0 1099994 0 0 0 0 0
1783 64832 9576 0 0 1101262 0 0 0 0 0
1784 64831 9587 0 0 1102546 0 0 0 0 0
1785 64829 9598 0 0 1103814 0 0 0 0 0
1786 64828 9609 0 0 1105099 0 0 0 0 0
1787 64826 9620 0 0 1106367 0 0 0 0 0
1788 64824 9631 0 0 1107635 0 0 0 0 0
1789 64823 9642 0 0 1108920 0 0 0 0 0
1790 64821 9653 0 0 1110188 0 0 0 0 0
1791 64819 9664 0 0 1111457 0 0 0 0 0
1792 64818 9675 0 0 1112742 0 0 0 0 0
1793 64816 9686 0 0 1114011 0 0 0 0 0
1794 64815 9697 0 0 1115296 0 0 0 0 0
1795 64813 9708 0 0 1116564 0 0 0 0 0
1796 64811 9719 0 0 1117833 0 0 0 0 0
1797 64810 9730 0 0 1119118 0 0 0 0 0
1798 64808 9741 0 0 1120387 0 0 0 0 0
1799 64806 9752 0 0 1121657 0 0 0 0 0
1800 64805 9763 0 0 1122942 0 0 0 0 0
1801 64803 9774 0 0 1124211 0 0 0 0 0
1802 64801 9785 0 0 1125480 0 0 0 0 0
1803 64800 9796 0 0 1126766 0 0 0 0 0
1804 64798 9807 0 0 1128035 0 0 0 0 0
1805 64796 9818 0 0 1129305 0 0 0 0 0
1806 64795 9829 0 0 1130591 0 0 0 0 0
1807 64793 9840 0 0 1131860 0 0 0 0 0
1808 64791 9851 0 0 1133130 0 0 0 0 0
1809 64790 9862 0 0 1134416 0 0 0 0 0
1810 64788 9873 0 0 1135685 0 0 0 0 0
1811 64786 9884 0 0 1136955 0 0 0 0 0
1812 64785 9895 0 0 1138242 0 0 0 0 0
1813 64783 9906 0 0 1139511 0 0 0 0 0
1814 64781 9917 0 0 1140781 0 0 0 0 0
1815 64780 9928 0 0 1142068 0 0 0 0 0
1816 64778 9939 0 0 1143338 0 0 0 0 0
1817 64776 9950 0 0 1144608 0 0 0 0 0
1818 64774 9961 0 0 1145878 0 0 0 0 0
1819 64773 9972 0 0 1147165 0 0 0 0 0
1820 64771 9983 0 0 1148435 0 0 0 0 0
1821 64769 9994 0 0 1149706 0 0 0 0 0
1822 64768 10005 0 0 1150993 0 0 0 0 0
1823 64766 10016 0 0 1152263 0 0 0 0 0
1824 64764 10027 0 0 1153534 0 0 0 0 0
1825 64763 10038 0 0 1154821 0 0 0 0 0
1826 64761 10049 0 0 1156092 0 0 0 0 0
1827 64759 10060 0 0 1157362 0 0 0 0 0
1828 64757 10071 0 0 1158633 0 0 0 0 0
1829 64756 10082 0 0 1159921 0 0 0 0 0
1830 64754 10093 0 0 1161192 0 0 0 0 0
1831 64752 10104 0 0 1162463 0 0 0 0 0
1832 64751 10115 0 0 1163751 0 0 0 0 0
1833 64749 10126 0 0 1165022 0 0 0 0 0
1834 64747 10137 0 0 1166293 0 0 0 0 0
1835 64745 10148 0 0 1167564 0 0 0 0 0
1836 64744 10159 0 0 1168852 0 0 0 0 0
1837 64742 10170 0 0 1170123 0 0 0 0 0
1838 64740 10181 0 0 1171395 0 0 0 0 0
1839 64739 10192 0 0 1172683 0 0 0 0 0
1840 64737 10203 0 0 1173955 0 0 0 0 0
1841 64735 10214 0 0 1175226 0 0 0 0 0
1842 64733 10225 0 0 1176498 0 0 0 0 0
1843 64732 10236 0 0 1177787 0 0 0 0 0
1844 64730 10247 0 0 1179058 0 0 0 0 0
1845 64728 10258 0 0 1180330 0 0 0 0 0
1846 64726 10269 0 0 1181602 0 0 0 0 0
1847 64725 10280 0 0 1182891 0 0 0 0 0
1848 64723 10291 0 0 1184163 0 0 0 0 0
1849 64721 10302 0 0 1185435 0 0 0 0 0
1850 64719 10313 0 0 1186707 0 0 0 0 0
1851 64718 10324 0 0 1187997 0 0 0 0 0
1852 64716 10335 0 0 1189269 0 0 0 0 0
1853 64714 10346 0 0 1190541 0 0 0 0 0
1854 64712 10357 0 0 1191814 0 0 0 0 0
1855 64711 10368 0 0 1193103 0 0 0 0 0
1856 64709 10379 0 0 1194376 0 0 0 0 0
1857 64707 10390 0 0 1195649 0 0 0 0 0
1858 64705 10401 0 0 1196921 0 0 0 0 0
1859 64703 10412 0 0 1198194 0 0 0 0 0
1860 64702 10423 0 0 1199484 0 0 0 0 0
1861 64700 10434 0 0 1200757 0 0 0 0 0
1862 64698 10445 0 0 1202030 0 0 0 0 0
1863 64696 10456 0 0 1203303 0 0 0 0 0
1864 64695 10467 0 0 1204593 0 0 0 0 0
1865 64693 10478 0 0 1205866 0 0 0 0 0
1866 64691 10489 0 0 1207139 0 0 0 0 0
1867 64689 10500 0 0 1208413 0 0 0 0 0
1868 64687 10511 0 0 1209686 0 0 0 0 0
1869 64686 10522 0 0 1210977 0 0 0 0 0
1870 64684 10533 0 0 1212250 0 0 0 0 0
1871 64682 10544 0 0 1213524 0 0 0 0 0
1872 64680 10555 0 0 1214797 0 0 0 0 0
1873 64679 10566 0 0 1216088 0 0 0 0 0
1874 64677 10577 0 0 1217362 0 0 0 0 0
1875 64675 10588 0 0 1218636 0 0 0 0 0
1876 64673 10599 0 0 1219910 0 0 0 0 0
1877 64671 10610 0 0 1221183 0 0 0 0 0
1878 64670 10621 0 0 1222475 0 0 0 0 0
1879 64668 10632 0 0 1223749 0 0 0 0 0
1880 64666 10643 0 0 1225023 0 0 0 0 0
1881 64664 10654 0 0 1226297 0 0 0 0 0
1882 64662 10665 0 0 1227572 0 0 0 0 0
1883 64660 10676 0 0 1228846 0 0 0 0 0
1884 64659 10687 0 0 1230138 0 0 0 0 0
1885 64657 10698 0 0 1231412 0 0 0 0 0
1886 64655 10709 0 0 1232687 0 0 0 0 0
1887 64653 10720 0 0 1233961 0 0 0 0 0
1888 64651 10731 0 0 1235236 0 0 0 0 0
1889 64650 10742 0 0 1236528 0 0 0 0 0
1890 64648 10753 0 0 1237803 0 0 0 0 0
1891 64646 10764 0 0 1239078 0 0 0 0 0
1892 64644 10775 0 0 1240353 0 0 0 0 0
1893 64642 10786 0 0 1241628 0 0 0 0 0
1894 64640 10797 0 0 1242903 0 0 0 0 0
1895 64639 10808 0 0 1244196 0 0 0 0 0
1896 64637 10819 0 0 1245471 0 0 0 0 0
1897 64635 10830 0 0 1246746 0 0 0 0 0
1898 64633 10841 0 0 1248022 0 0 0 0 0
1899 64631 10852 0 0 1249297 0 0 0 0 0
1900 64629 10863 0 0 1250572 0 0 0 0 0
1901 64627 10874 0 0 1251848 0 0 0 0 0
1902 64626 10885 0 0 1253141 0 0 0 0 0
1903 64624 10896 0 0 1254417 0 0 0 0 0
1904 64622 10907 0 0 1255693 0 0 0 0 0
1905 64620 10918 0 0 1256969 0 0 0 0 0
1906 64618 10929 0 0 1258244 0 0 0 0 0
1907 64616 10940 0 0 1259520 0 0 0 0 0
1908 64614 10951 0 0 1260796 0 0 0 0 0
1909 64613 10962 0 0 1262090 0 0 0 0 0
1910 64611 10973 0 0 1263367 0 0 0 0 0
1911 64609 10984 0 0 1264643 0 0 0 0 0
1912 64607 10995 0 0 1265919 0 0 0 0 0
1913 64605 11006 0 0 1267195 0 0 0 0 0
1914 64603 11017 0 0 1268472 0 0 0 0 0
1915 64601 11028 0 0 1269748 0 0 0 0 0
1916 64599 11039 0 0 1271025 0 0 0 0 0
1917 64598 11050 0 0 1272320 0 0 0 0 0
1918 64596 11061 0 0 1273596 0 0 0 0 0
1919 64594 11072 0 0 1274873 0 0 0 0 0
1920 64592 11083 0 0 1276150 0 0 0 0 0
1921 64590 11094 0 0 1277427 0 0 0 0 0
1922 64588 11105 0 0 1278704 0 0 0 0 0
1923 64586 11116 0 0 1279981 0 0 0 0 0
1924 64584 11127 0 0 1281258 0 0 0 0 0
1925 64582 11138 0 0 1282535 0 0 0 0 0
1926 64581 11149 0 0 1283831 0 0 0 0 0
1927 64579 11160 0 0 1285108 0 0 0 0 0
1928 64577 11171 0 0 1286386 0 0 0 0 0
1929 64575 11182 0 0 1287663 0 0 0 0 0
1930 64573 11193 0 0 1288941 0 0 0 0 0
1931 64571 11204 0 0 1290218 0 0 0 0 0
1932 64569 11215 0 0 1291496 0 0 0 0 0
1933 64567 11226 0 0 1292774 0 0 0 0 0
1934 64565 11237 0 0 1294051 0 0 0 0 0
1935 64563 11248 0 0 1295329 0 0 0 0 0
1936 64561 11259 0 0 1296607 0 0 0 0 0
1937 64560 11270 0 0 1297904 0 0 0 0 0
1938 64558 11281 0 0 1299182 0 0 0 0 0
1939 64556 11292 0 0 1300460 0 0 0 0 0
1940 64554 11303 0 0 1301739 0 0 0 0 0
1941 64552 11314 0 0 1303017 0 0 0 0 0
1942 64550 11325 0 0 1304295 0 0 0 0 0
1943 64548 11336 0 0 1305574 0 0 0 0 0
1944 64546 11347 0 0 1306852 0 0 0 0 0
1945 64544 11358 0 0 1308131 0 0 0 0 0
1946 64542 11369 0 0 1309410 0 0 0 0 0
1947 64540 11380 0 0 1310688 0 0 0 0 0
1948 64538 11391 0 0 1311967 0 0 0 0 0
1949 64536 11402 0 0 1313246 0 0 0 0 0
1950 64534 11413 0 0 1314525 0 0 0 0 0
1951 64532 11424 0 0 1315804 0 0 0 0 0
1952 64531 11435 0 0 1317102 0 0 0 0 0
1953 64529 11446 0 0 1318381 0 0 0 0 0
1954 64527 11457 0 0 1319661 0 0 0 0 0
1955 64525 11468 0 0 1320940 0 0 0 0 0
1956 64523 11479 0 0 1322220 0 0 0 0 0
1957 64521 11490 0 0 1323499 0 0 0 0 0
1958 64519 11501 0 0 1324779 0 0 0 0 0
1959 64517 11512 0 0 1326058 0 0 0 0 0
1960 64515 11523 0 0 1327338 0 0 0 0 0
1961 64513 11534 0 0 1328618 0 0 0 0 0
1962 64511 11545 0 0 1329898 0 0 0 0 0
1963 64509 11556 0 0 1331178 0 0 0 0 0
1964 64507 11567 0 0 1332458 0 0 0 0 0
1965 64505 11578 0 0 1333738 0 0 0 0 0
1966 64503 11589 0 0 1335018 0 0 0 0 0
1967 64501 11600 0 0 1336299 0 0 0 0 0
1968 64499 11611 0 0 1337579 0 0 0 0 0
1969 64497 11622 0 0 1338859 0 0 0 0 0
1970 64495 11633 0 0 1340140 0 0 0 0 0
1971 64493 11644 0 0 1341420 0 0 0 0 0
1972 64491 11655 0 0 1342701 0 0 0 0 0
1973 64489 11666 0 0 1343982 0 0 0 0 0
1974 64487 11677 0 0 1345263 0 0 0 0 0
1975 64485 11688 0 0 1346543 0 0 0 0 0
1976 64483 11699 0 0 1347824 0 0 0 0 0
1977 64481 11710 0 0 1349105 0 0 0 0 0
1978 64479 11721 0 0 1350387 0 0 0 0 0
1979 64477 11732 0 0 1351668 0 0 0 0 0
1980 64475 11743 0 0 1352949 0 0 0 0 0
1981 64473 11754 0 0 1354230 0 0 0 0 0
1982 64471 11765 0 0 1355512 0 0 0 0 0
1983 64469 11776 0 0 1356793 0 0 0 0 0
1984 64467 11787 0 0 1358075 0 0 0 0 0
1985 64465 11798 0 0 1359357 0 0 0 0 0
1986 64463 11809 0 0 1360638 0 0 0 0 0
1987 64461 11820 0 0 1361920 0 0 0 0 0
1988 64459 11831 0 0 1363202 0 0 0 0 0
1989 64457 11842 0 0 1364484 0 0 0 0 0
1990 64455 11853 0 0 1365766 0 0 0 0 0
1991 64453 11864 0 0 1367048 0 0 0 0 0
1992 64451 11875 0 0 1368330 0 0 0 0 0
1993 64449 11886 0 0 1369613 0 0 0 0 0
1994 64447 11897 0 0 1370895 0 0 0 0 0
1995 64445 11908 0 0 1372177 0 0 0 0 0
1996 64443 11919 0 0 1373460 0 0 0 0 0
1997 64441 11930 0 0 1374742 0 0 0 0 0
1998 64439 11941 0 0 1376025 0 0 0 0 0
1999 64437 11952 0 0 1377308 0 0 0 0 0
2000 64435 11963 0 0 1378591 0 0 0 0 0
2001 64433 11974 0 0 1379874 0 0 0 0 0
2002 64431 11985 0 0 1381157 0 0 0 0 0
2003 64429 11996 0 0 1382440 0 0 0 0 0
2004 64427 12007 0 0 1383723 0 0 0 0 0
2005 64425 12018 0 0 1385006 0 0 0 0 0
2006 64422 12029 0 0 1386270 0 0 0 0 0
2007 64420 12040 0 0 1387553 0 0 0 0 0
2008 64418 12051 0 0 1388837 0 0 0 0 0
2009 64416 12062 0 0 1390120 0 0 0 0 0
2010 64414 12073 0 0 1391404 0 0 0 0 0
2011 64412 12084 0 0 1392688 0 0 0 0 0
2012 64410 12095 0 0 1393971 0 0 0 0 0
2013 64408 12106 0 0 1395255 0 0 0 0 0
2014 64406 12117 0 0 1396539 0 0 0 0 0
2015 64404 12128 0 0 1397823 0 0 0 0 0
2016 64402 12139 0 0 1399107 0 0 0 0 0
2017 64400 12150 0 0 1400391 0 0 0 0 0
2018 64398 12161 0 0 1401676 0 0 0 0 0
2019 64396 12172 0 0 1402960 0 0 0 0 0
2020 64394 12183 0 0 1404245 0 0 0 0 0
2021 64391 12194 0 0 1405509 0 0 0 0 0
2022 64389 12205 0 0 1406794 0 0 0 0 0
2023 64387 12216 0 0 1408078 0 0 0 0 0
2024 64385 12227 0 0 1409363 0 0 0 0 0
2025 64383 12238 0 0 1410648 0 0 0 0 0
2026 64381 12249 0 0 1411933 0 0 0 0 0
2027 64379 12260 0 0 1413218 0 0 0 0 0
2028 64377 12271 0 0 1414503 0 0 0 0 0
2029 64375 12282 0 0 1415788 0 0 0 0 0
2030 64373 12293 0 0 1417074 0 0 0 0 0
2031 64371 12304 0 0 1418359 0 0 0 0 0
2032 64368 12315 0 0 1419624 0 0 0 0 0
2033 64366 12326 0 0 1420910 0 0 0 0 0
2034 64364 12337 0 0 1422195 0 0 0 0 0
2035 64362 12348 0 0 1423481 0 0 0 0 0
2036 64360 12359 0 0 1424767 0 0 0 0 0
2037 64358 12370 0 0 1426053 0 0 0 0 0
2038 64356 12381 0 0 1427339 0 0 0 0 0
2039 64354 12392 0 0 1428625 0 0 0 0 0
2040 64352 12403 0 0 1429911 0 0 0 0 0
2041 64349 12414 0 0 1431177 0 0 0 0 0
2042 64347 12425 0 0 1432463 0 0 0 0 0
2043 64345 12436 0 0 1433749 0 0 0 0 0
2044 64343 12447 0 0 1435036 0 0 0 0 0
2045 64341 12458 0 0 1436322 0 0 0 0 0
2046 64339 12469 0 0 1437609 0 0 0 0 0
2047 64337 12480 0 0 1438895 0 0 0 0 0
2048 64335 12491 0 0 1440182 0 0 0 0 0
2049 64332 12502 0 0 1441449 0 0 0 0 0
2050 64330 12513 0 0 1442736 0 0 0 0 0
2051 64328 12524 0 0 1444023 0 0 0 0 0
2052 64326 12535 0 0 1445310 0 0 0 0 0
2053 64324 12546 0 0 1446597 0 0 0 0 0
2054 64322 12557 0 0 1447884 0 0 0 0 0
2055 64320 12568 0 0 1449172 0 0 0 0 0
2056 64317 12579 0 0 1450439 0 0 0 0 0
2057 64315 12590 0 0 1451726 0 0 0 0 0
2058 64313 12601 0 0 1453014 0 0 0 0 0
2059 64311 12612 0 0 1454301 0 0 0 0 0
2060 64309 12623 0 0 1455589 0 0 0 0 0
2061 64307 12634 0 0 1456877 0 0 0 0 0
2062 64304 12645 0 0 1458144 0 0 0 0 0
2063 64302 12656 0 0 1459432 0 0 0 0 0
2064 64300 12667 0 0 1460721 0 0 0 0 0
2065 64298 12678 0 0 1462009 0 0 0 0 0
2066 64296 12689 0 0 1463297 0 0 0 0 0
2067 64294 12700 0 0 1464585 0 0 0 0 0
2068 64291 12711 0 0 1465853 0 0 0 0 0
2069 64289 12722 0 0 1467142 0 0 0 0 0
2070 64287 12733 0 0 1468431 0 0 0 0 0
2071 64285 12744 0 0 1469719 0 0 0 0 0
2072 64283 12755 0 0 1471008 0 0 0 0 0
2073 64280 12766 0 0 1472276 0 0 0 0 0
2074 64278 12777 0 0 1473565 0 0 0 0 0
2075 64276 12788 0 0 1474854 0 0 0 0 0
2076 64274 12799 0 0 1476143 0 0 0 0 0
2077 64272 12810 0 0 1477433 0 0 0 0 0
2078 64270 12821 0 0 1478722 0 0 0 0 0
2079 64267 12832 0 0 1479991 0 0 0 0 0
2080 64265 12843 0 0 1481280 0 0 0 0 0
2081 64263 12854 0 0 1482570 0 0 0 0 0
2082 64261 12865 0 0 1483859 0 0 0 0 0
2083 64259 12876 0 0 1485149 0 0 0 0 0
2084 64256 12887 0 0 1486418 0 0 0 0 0
2085 64254 12898 0 0 1487708 0 0 0 0 0
2086 64252 12909 0 0 1488998 0 0 0 0 0
2087 64250 12920 0 0 1490288 0 0 0 0 0
2088 64248 12931 0 0 1491579 0 0 0 0 0
2089 64245 12942 0 0 1492848 0 0 0 0 0
2090 64243 12953 0 0 1494138 0 0 0 0 0
2091 64241 12964 0 0 1495429 0 0 0 0 0
2092 64239 12975 0 0 1496719 0 0 0 0 0
2093 64236 12986 0 0 1497989 0 0 0 0 0
2094 64234 12997 0 0 1499280 0 0 0 0 0
2095 64232 13008 0 0 1500571 0 0 0 0 0
2096 64230 13019 0 0 1501862 0 0 0 0 0
2097 64228 13030 0 0 1503153 0 0 0 0 0
2098 64225 13041 0 0 1504423 0 0 0 0 0
2099 64223 13052 0 0 1505714 0 0 0 0 0
2100 64221 13063 0 0 1507005 0 0 0 0 0
2101 64219 13074 0 0 1508297 0 0 0 0 0
2102 64216 13085 0 0 1509567 0 0 0 0 0
2103 64214 13096 0 0 1510858 0 0 0 0 0
2104 64212 13107 0 0 1512150 0 0 0 0 0
2105 64210 13118 0 0 1513442 0 0 0 0 0
2106 64207 13128 0 0 1514591 0 0 0 0 0
2107 64205 13139 0 0 1515883 0 0 0 0 0
2108 64203 13150 0 0 1517175 0 0 0 0 0
2109 64201 13161 0 0 1518467 0 0 0 0 0
2110 64199 13172 0 0 1519759 0 0 0 0 0
2111 64196 13182 0 0 1520909 0 0 0 0 0
2112 64194 13193 0 0 1522201 0 0 0 0 0
2113 64192 13204 0 0 1523494 0 0 0 0 0
2114 64190 13215 0 0 1524786 0 0 0 0 0
2115 64187 13225 0 0 1525936 0 0 0 0 0
2116 64185 13236 0 0 1527229 0 0 0 0 0
2117 64183 13247 0 0 1528522 0 0 0 0 0
2118 64181 13258 0 0 1529815 0 0 0 0 0
2119 64179 13269 0 0 1531108 0 0 0 0 0
2120 64176 13279 0 0 1532258 0 0 0 0 0
2121 64174 13290 0 0 1533551 0 0 0 0 0
2122 64172 13301 0 0 1534844 0 0 0 0 0
2123 64170 13312 0 0 1536138 0 0 0 0 0
2124 64167 13322 0 0 1537288 0 0 0 0 0
2125 64165 13333 0 0 1538582 0 0 0 0 0
2126 64163 13344 0 0 1539875 0 0 0 0 0
2127 64161 13355 0 0 1541169 0 0 0 0 0
2128 64158 13365 0 0 1542320 0 0 0 0 0
2129 64156 13376 0 0 1543614 0 0 0 0 0
2130 64154 13387 0 0 1544908 0 0 0 0 0
2131 64152 13398 0 0 1546202 0 0 0 0 0
2132 64149 13408 0 0 1547353 0 0 0 0 0
2133 64147 13419 0 0 1548647 0 0 0 0 0
2134 64145 13430 0 0 1549941 0 0 0 0 0
2135 64143 13441 0 0 1551236 0 0 0 0 0
2136 64140 13451 0 0 1552387 0 0 0 0 0
2137 64138 13462 0 0 1553682 0 0 0 0 0
2138 64136 13473 0 0 1554976 0 0 0 0 0
2139 64134 13484 0 0 1556271 0 0 0 0 0
2140 64131 13494 0 0 1557423 0 0 0 0 0
2141 64129 13505 0 0 1558718 0 0 0 0 0
2142 64127 13516 0 0 1560013 0 0 0 0 0
2143 64125 13527 0 0 1561308 0 0 0 0 0
2144 64122 13537 0 0 1562460 0 0 0 0 0
2145 64120 13548 0 0 1563755 0 0 0 0 0
2146 64118 13559 0 0 1565050 0 0 0 0 0
2147 64116 13570 0 0 1566346 0 0 0 0 0
2148 64113 13580 0 0 1567498 0 0 0 0 0
2149 64111 13591 0 0 1568794 0 0 0 0 0
2150 64109 13602 0 0 1570089 0 0 0 0 0
2151 64106 13612 0 0 1571242 0 0 0 0 0
2152 64104 13623 0 0 1572538 0 0 0 0 0
2153 64102 13634 0 0 1573834 0 0 0 0 0
2154 64100 13645 0 0 1575130 0 0 0 0 0
2155 64097 13655 0 0 1576283 0 0 0 0 0
2156 64095 13666 0 0 1577579 0 0 0 0 0
2157 64093 13677 0 0 1578875 0 0 0 0 0
2158 64090 13687 0 0 1580028 0 0 0 0 0
2159 64088 13698 0 0 1581325 0 0 0 0 0
2160 64086 13709 0 0 1582621 0 0 0 0 0
2161 64084 13720 0 0 1583918 0 0 0 0 0
2162 64081 13730 0 0 1585071 0 0 0 0 0
2163 64079 13741 0 0 1586368 0 0 0 0 0
2164 64077 13752 0 0 1587665 0 0 0 0 0
2165 64074 13762 0 0 1588819 0 0 0 0 0
2166 64072 13773 0 0 1590116 0 0 0 0 0
2167 64070 13784 0 0 1591413 0 0 0 0 0
2168 64068 13795 0 0 1592711 0 0 0 0 0
2169 64065 13805 0 0 1593864 0 0 0 0 0
2170 64063 13816 0 0 1595162 0 0 0 0 0
2171 64061 13827 0 0 1596460 0 0 0 0 0
2172 64058 13837 0 0 1597613 0 0 0 0 0
2173 64056 13848 0 0 1598911 0 0 0 0 0
2174 64054 13859 0 0 1600209 0 0 0 0 0
2175 64051 13869 0 0 1601363 0 0 0 0 0
2176 64049 13880 0 0 1602662 0 0 0 0 0
2177 64047 13891 0 0 1603960 0 0 0 0 0
2178 64044 13901 0 0 1605114 0 0 0 0 0
2179 64042 13912 0 0 1606413 0 0 0 0 0
2180 64040 13923 0 0 1607711 0 0 0 0 0
2181 64037 13933 0 0 1608866 0 0 0 0 0
2182 64035 13944 0 0 1610164 0 0 0 0 0
2183 64033 13955 0 0 1611463 0 0 0 0 0
2184 64030 13965 0 0 1612618 0 0 0 0 0
2185 64028 13976 0 0 1613917 0 0 0 0 0
2186 64026 13987 0 0 1615216 0 0 0 0 0
2187 64024 13998 0 0 1616515 0 0 0 0 0
2188 64021 14008 0 0 1617670 0 0 0 0 0
2189 64019 14019 0 0 1618970 0 0 0 0 0
2190 64016 14029 0 0 1620125 0 0 0 0 0
2191 64014 14040 0 0 1621424 0 0 0 0 0
2192 64012 14051 0 0 1622724 0 0 0 0 0
2193 64009 14061 0 0 1623879 0 0 0 0 0
2194 64007 14072 0 0 1625179 0 0 0 0 0
2195 64005 14083 0 0 1626479 0 0 0 0 0
2196 64002 14093 0 0 1627635 0 0 0 0 0
2197 64000 14104 0 0 1628935 0 0 0 0 0
2198 63998 14115 0 0 1630235 0 0 0 0 0
2199 63995 14125 0 0 1631391 0 0 0 0 0
2200 63993 14136 0 0 1632691 0 0 0 0 0
2201 63991 14147 0 0 1633992 0 0 0 0 0
2202 63988 14157 0 0 1635148 0 0 0 0 0
2203 63986 14168 0 0 1636449 0 0 0 0 0
2204 63984 14179 0 0 1637749 0 0 0 0 0
2205 63981 14189 0 0 1638906 0 0 0 0 0
2206 63979 14200 0 0 1640207 0 0 0 0 0
2207 63977 14211 0 0 1641508 0 0 0 0 0
2208 63974 14221 0 0 1642664 0 0 0 0 0
2209 63972 14232 0 0 1643965 0 0 0 0 0
2210 63969 14242 0 0 1645122 0 0 0 0 0
2211 63967 14253 0 0 1646423 0 0 0 0 0
2212 63965 14264 0 0 1647725 0 0 0 0 0
2213 63962 14274 0 0 1648882 0 0 0 0 0
2214 63960 14285 0 0 1650184 0 0 0 0 0
2215 63958 14296 0 0 1651486 0 0 0 0 0
2216 63955 14306 0 0 1652643 0 0 0 0 0
2217 63953 14317 0 0 1653945 0 0 0 0 0
2218 63950 14327 0 0 1655102 0 0 0 0 0
2219 63948 14338 0 0 1656404 0 0 0 0 0
2220 63946 14349 0 0 1657706 0 0 0 0 0
2221 63943 14359 0 0 1658864 0 0 0 0 0
2222 63941 14370 0 0 1660166 0 0 0 0 0
2223 63939 14381 0 0 1661469 0 0 0 0 0
2224 63936 14391 0 0 1662627 0 0 0 0 0
2225 63934 14402 0 0 1663929 0 0 0 0 0
2226 63931 14412 0 0 1665087 0 0 0 0 0
2227 63929 14423 0 0 1666390 0 0 0 0 0
2228 63927 14434 0 0 1667693 0 0 0 0 0
2229 63924 14444 0 0 1668851 0 0 0 0 0
2230 63922 14455 0 0 1670155 0 0 0 0 0
2231 63919 14465 0 0 1671313 0 0 0 0 0
2232 63917 14476 0 0 1672616 0 0 0 0 0
2233 63915 14487 0 0 1673920 0 0 0 0 0
2234 63912 14497 0 0 1675078 0 0 0 0 0
2235 63910 14508 0 0 1676382 0 0 0 0 0
2236 63907 14518 0 0 1677541 0 0 0 0 0
2237 63905 14529 0 0 1678845 0 0 0 0 0
2238 63903 14540 0 0 1680149 0 0 0 0 0
2239 63900 14550 0 0 1681308 0 0 0 0 0
2240 63898 14561 0 0 1682612 0 0 0 0 0
2241 63895 14571 0 0 1683771 0 0 0 0 0
2242 63893 14582 0 0 1685075 0 0 0 0 0
2243 63891 14593 0 0 1686380 0 0 0 0 0
2244 63888 14603 0 0 1687539 0 0 0 0 0
2245 63886 14614 0 0 1688844 0 0 0 0 0
2246 63883 14624 0 0 1690003 0 0 0 0 0
2247 63881 14635 0 0 1691308 0 0 0 0 0
2248 63878 14645 0 0 1692467 0 0 0 0 0
2249 63876 14656 0 0 1693773 0 0 0 0 0
2250 63874 14667 0 0 1695078 0 0 0 0 0
2251 63871 14677 0 0 1696238 0 0 0 0 0
2252 63869 14688 0 0 1697543 0 0 0 0 0
2253 63866 14698 0 0 1698703 0 0 0 0 0
2254 63864 14709 0 0 1700009 0 0 0 0 0
2255 63861 14719 0 0 1701169 0 0 0 0 0
2256 63859 14730 0 0 1702475 0 0 0 0 0
2257 63857 14741 0 0 1703781 0 0 0 0 0
2258 63854 14751 0 0 1704941 0 0 0 0 0
2259 63852 14762 0 0 1706247 0 0 0 0 0
2260 63849 14772 0 0 1707407 0 0 0 0 0
2261 63847 14783 0 0 1708714 0 0 0 0 0
2262 63844 14793 0 0 1709874 0 0 0 0 0
2263 63842 14804 0 0 1711181 0 0 0 0 0
2264 63839 14814 0 0 1712341 0 0 0 0 0
2265 63837 14825 0 0 1713648 0 0 0 0 0
2266 63835 14836 0 0 1714955 0 0 0 0 0
2267 63832 14846 0 0 1716116 0 0 0 0 0
2268 63830 14857 0 0 1717423 0 0 0 0 0
2269 63827 14867 0 0 1718584 0 0 0 0 0
2270 63825 14878 0 0 1719892 0 0 0 0 0
2271 63822 14888 0 0 1721053 0 0 0 0 0
2272 63820 14899 0 0 1722360 0 0 0 0 0
2273 63817 14909 0 0 1723521 0 0 0 0 0
2274 63815 14920 0 0 1724829 0 0 0 0 0
2275 63812 14930 0 0 1725991 0 0 0 0 0
2276 63810 14941 0 0 1727299 0 0 0 0 0
2277 63807 14951 0 0 1728460 0 0 0 0 0
2278 63805 14962 0 0 1729768 0 0 0 0 0
2279 63803 14973 0 0 1731077 0 0 0 0 0
2280 63800 14983 0 0 1732238 0 0 0 0 0
2281 63798 14994 0 0 1733547 0 0 0 0 0
2282 63795 15004 0 0 1734709 0 0 0 0 0
2283 63793 15015 0 0 1736018 0 0 0 0 0
2284 63790 15025 0 0 1737180 0 0 0 0 0
2285 63788 15036 0 0 1738489 0 0 0 0 0
2286 63785 15046 0 0 1739651 0 0 0 0 0
2287 63783 15057 0 0 1740960 0 0 0 0 0
2288 63780 15067 0 0 1742122 0 0 0 0 0
2289 63778 15078 0 0 1743432 0 0 0 0 0
2290 63775 15088 0 0 1744594 0 0 0 0 0
2291 63773 15099 0 0 1745904 0 0 0 0 0
2292 63770 15109 0 0 1747067 0 0 0 0 0
2293 63768 15120 0 0 1748376 0 0 0 0 0
2294 63765 15130 0 0 1749539 0 0 0 0 0
2295 63763 15141 0 0 1750849 0 0 0 0 0
2296 63760 15151 0 0 1752012 0 0 0 0 0
2297 63758 15162 0 0 1753322 0 0 0 0 0
2298 63755 15172 0 0 1754486 0 0 0 0 0
2299 63753 15183 0 0 1755796 0 0 0 0 0
2300 63750 15193 0 0 1756959 0 0 0 0 0
2301 63748 15204 0 0 1758270 0 0 0 0 0
2302 63745 15214 0 0 1759433 0 0 0 0 0
2303 63743 15225 0 0 1760744 0 0 0 0 0
2304 63740 15235 0 0 1761908 0 0 0 0 0
2305 63738 15246 0 0 1763219 0 0 0 0 0
2306 63735 15256 0 0 1764383 0 0 0 0 0
2307 63733 15267 0 0 1765694 0 0 0 0 0
2308 63730 15277 0 0 1766858 0 0 0 0 0
2309 63728 15288 0 0 1768169 0 0 0 0 0
2310 63725 15298 0 0 1769334 0 0 0 0 0
2311 63723 15309 0 0 1770645 0 0 0 0 0
2312 63720 15319 0 0 1771809 0 0 0 0 0
2313 63718 15330 0 0 1773121 0 0 0 0 0
2314 63715 15340 0 0 1774286 0 0 0 0 0
2315 63713 15351 0 0 1775598 0 0 0 0 0
2316 63710 15361 0 0 1776762 0 0 0 0 0
2317 63708 15372 0 0 1778075 0 0 0 0 0
2318 63705 15382 0 0 1779240 0 0 0 0 0
2319 63703 15393 0 0 1780552 0 0 0 0 0
2320 63700 15403 0 0 1781717 0 0 0 0 0
2321 63697 15413 0 0 1782882 0 0 0 0 0
2322 63695 15424 0 0 1784195 0 0 0 0 0
2323 63692 15434 0 0 1785360 0 0 0 0 0
2324 63690 15445 0 0 1786673 0 0 0 0 0
2325 63687 15455 0 0 1787838 0 0 0 0 0
2326 63685 15466 0 0 1789152 0 0 0 0 0
2327 63682 15476 0 0 1790317 0 0 0 0 0
2328 63680 15487 0 0 1791631 0 0 0 0 0
2329 63677 15497 0 0 1792796 0 0 0 0 0
2330 63675 15508 0 0 1794110 0 0 0 0 0
2331 63672 15518 0 0 1795276 0 0 0 0 0
2332 63669 15528 0 0 1796442 0 0 0 0 0
2333 63667 15539 0 0 1797756 0 0 0 0 0
2334 63664 15549 0 0 1798922 0 0 0 0 0
2335 63662 15560 0 0 1800236 0 0 0 0 0
2336 63659 15570 0 0 1801402 0 0 0 0 0
2337 63657 15581 0 0 1802717 0 0 0 0 0
2338 63654 15591 0 0 1803883 0 0 0 0 0
2339 63652 15602 0 0 1805198 0 0 0 0 0
2340 63649 15612 0 0 1806364 0 0 0 0 0
2341 63646 15622 0 0 1807531 0 0 0 0 0
2342 63644 15633 0 0 1808846 0 0 0 0 0
2343 63641 15643 0 0 1810013 0 0 0 0 0
2344 63639 15654 0 0 1811328 0 0 0 0 0
2345 63636 15664 0 0 1812495 0 0 0 0 0
2346 63634 15675 0 0 1813810 0 0 0 0 0
2347 63631 15685 0 0 1814977 0 0 0 0 0
2348 63629 15696 0 0 1816293 0 0 0 0 0
2349 63626 15706 0 0 1817460 0 0 0 0 0
2350 63623 15716 0 0 1818628 0 0 0 0 0
2351 63621 15727 0 0 1819944 0 0 0 0 0
2352 63618 15737 0 0 1821111 0 0 0 0 0
2353 63616 15748 0 0 1822427 0 0 0 0 0
2354 63613 15758 0 0 1823595 0 0 0 0 0
2355 63610 15768 0 0 1824763 0 0 0 0 0
2356 63608 15779 0 0 1826079 0 0 0 0 0
2357 63605 15789 0 0 1827247 0 0 0 0 0
2358 63603 15800 0 0 1828564 0 0 0 0 0
2359 63600 15810 0 0 1829732 0 0 0 0 0
2360 63598 15821 0 0 1831049 0 0 0 0 0
2361 63595 15831 0 0 1832217 0 0 0 0 0
2362 63592 15841 0 0 1833386 0 0 0 0 0
2363 63590 15852 0 0 1834703 0 0 0 0 0
2364 63587 15862 0 0 1835872 0 0 0 0 0
2365 63585 15873 0 0 1837189 0 0 0 0 0
2366 63582 15883 0 0 1838358 0 0 0 0 0
2367 63579 15893 0 0 1839527 0 0 0 0 0
2368 63577 15904 0 0 1840844 0 0 0 0 0
2369 63574 15914 0 0 1842013 0 0 0 0 0
2370 63572 15925 0 0 1843331 0 0 0 0 0
2371 63569 15935 0 0 1844501 0 0 0 0 0
2372 63566 15945 0 0 1845670 0 0 0 0 0
2373 63564 15956 0 0 1846988 0 0 0 0 0
2374 63561 15966 0 0 1848158 0 0 0 0 0
2375 63559 15977 0 0 1849476 0 0 0 0 0
2376 63556 15987 0 0 1850646 0 0 0 0 0
2377 63553 15997 0 0 1851815 0 0 0 0 0
2378 63551 16008 0 0 1853134 0 0 0 0 0
2379 63548 16018 0 0 1854304 0 0 0 0 0
2380 63545 16028 0 0 1855474 0 0 0 0 0
2381 63543 16039 0 0 1856793 0 0 0 0 0
2382 63540 16049 0 0 1857963 0 0 0 0 0
2383 63538 16060 0 0 1859283 0 0 0 0 0
2384 63535 16070 0 0 1860453 0 0 0 0 0
2385 63532 16080 0 0 1861624 0 0 0 0 0
2386 63530 16091 0 0 1862943 0 0 0 0 0
2387 63527 16101 0 0 1864114 0 0 0 0 0
2388 63524 16111 0 0 1865284 0 0 0 0 0
2389 63522 16122 0 0 1866605 0 0 0 0 0
2390 63519 16132 0 0 1867775 0 0 0 0 0
2391 63517 16143 0 0 1869096 0 0 0 0 0
2392 63514 16153 0 0 1870267 0 0 0 0 0
2393 63511 16163 0 0 1871438 0 0 0 0 0
2394 63509 16174 0 0 1872758 0 0 0 0 0
2395 63506 16184 0 0 1873930 0 0 0 0 0
2396 63503 16194 0 0 1875101 0 0 0 0 0
2397 63501 16205 0 0 1876422 0 0 0 0 0
2398 63498 16215 0 0 1877593 0 0 0 0 0
2399 63495 16225 0 0 1878765 0 0 0 0 0
2400 63493 16236 0 0 1880086 0 0 0 0 0
2401 63490 16246 0 0 1881258 0 0 0 0 0
2402 63488 16257 0 0 1882580 0 0 0 0 0
2403 63485 16267 0 0 1883752 0 0 0 0 0
2404 63482 16277 0 0 1884924 0 0 0 0 0
2405 63480 16288 0 0 1886245 0 0 0 0 0
2406 63477 16298 0 0 1887418 0 0 0 0 0
2407 63474 16308 0 0 1888590 0 0 0 0 0
2408 63472 16319 0 0 1889912 0 0 0 0 0
2409 63469 16329 0 0 1891085 0 0 0 0 0
2410 63466 16339 0 0 1892257 0 0 0 0 0
2411 63464 16350 0 0 1893580 0 0 0 0 0
2412 63461 16360 0 0 1894752 0 0 0 0 0
2413 63458 16370 0 0 1895925 0 0 0 0 0
2414 63456 16381 0 0 1897248 0 0 0 0 0
2415 63453 16391 0 0 1898421 0 0 0 0 0
2416 63450 16401 0 0 1899594 0 0 0 0 0
2417 63448 16411 0 0 1900793 0 0 0 0 0
2418 63445 16421 0 0 1901966 0 0 0 0 0
2419 63442 16431 0 0 1903139 0 0 0 0 0
2420 63440 16441 0 0 1904338 0 0 0 0 0
2421 63437 16451 0 0 1905511 0 0 0 0 0
2422 63435 16461 0 0 1906710 0 0 0 0 0
2423 63432 16471 0 0 1907884 0 0 0 0 0
2424 63429 16481 0 0 1909058 0 0 0 0 0
2425 63427 16491 0 0 1910257 0 0 0 0 0
2426 63424 16501 0 0 1911431 0 0 0 0 0
2427 63422 16511 0 0 1912630 0 0 0 0 0
2428 63419 16521 0 0 1913804 0 0 0 0 0
2429 63416 16531 0 0 1914978 0 0 0 0 0
2430 63414 16541 0 0 1916178 0 0 0 0 0
2431 63411 16551 0 0 1917352 0 0 0 0 0
2432 63409 16561 0 0 1918552 0 0 0 0 0
2433 63406 16571 0 0 1919727 0 0 0 0 0
2434 63403 16581 0 0 1920901 0 0 0 0 0
2435 63401 16591 0 0 1922101 0 0 0 0 0
2436 63398 16601 0 0 1923276 0 0 0 0 0
2437 63396 16611 0 0 1924476 0 0 0 0 0
2438 63393 16621 0 0 1925652 0 0 0 0 0
2439 63390 16631 0 0 1926827 0 0 0 0 0
2440 63388 16641 0 0 1928027 0 0 0 0 0
2441 63385 16651 0 0 1929202 0 0 0 0 0
2442 63382 16661 0 0 1930378 0 0 0 0 0
2443 63380 16671 0 0 1931579 0 0 0 0 0
2444 63377 16681 0 0 1932754 0 0 0 0 0
2445 63374 16692 0 0 1934055 0 0 0 0 0
2446 63371 16703 0 0 1935356 0 0 0 0 0
2447 63368 16714 0 0 1936657 0 0 0 0 0
2448 63366 16724 0 0 1937858 0 0 0 0 0
2449 63363 16735 0 0 1939160 0 0 0 0 0
2450 63360 16746 0 0 1940461 0 0 0 0 0
2451 63357 16756 0 0 1941637 0 0 0 0 0
2452 63354 16767 0 0 1942939 0 0 0 0 0
2453 63352 16778 0 0 1944266 0 0 0 0 0
2454 63349 16788 0 0 1945442 0 0 0 0 0
2455 63346 16799 0 0 1946744 0 0 0 0 0
2456 63343 16810 0 0 1948046 0 0 0 0 0
2457 63340 16821 0 0 1949349 0 0 0 0 0
2458 63337 16832 0 0 1950651 0 0 0 0 0
2459 63334 16843 0 0 1951953 0 0 0 0 0
2460 63331 16854 0 0 1953256 0 0 0 0 0
2461 63329 16864 0 0 1954458 0 0 0 0 0
2462 63326 16873 0 0 1955510 0 0 0 0 0
2463 63324 16881 0 0 1956462 0 0 0 0 0
2464 63322 16889 0 0 1957414 0 0 0 0 0
2465 63320 16896 0 0 1958241 0 0 0 0 0
2466 63319 16902 0 0 1958968 0 0 0 0 0
2467 63317 16907 0 0 1959544 0 0 0 0 0
2468 63316 16912 0 0 1960146 0 0 0 0 0
2469 63315 16916 0 0 1960622 0 0 0 0 0
2470 63314 16920 0 0 1961098 0 0 0 0 0
2471 63313 16923 0 0 1961449 0 0 0 0 0
2472 63312 16926 0 0 1961800 0 0 0 0 0
2473 63311 16929 0 0 1962151 0 0 0 0 0
2474 63311 16932 0 0 1962527 0 0 0 0 0
2475 63310 16934 0 0 1962752 0 0 0 0 0
2476 63310 16937 0 0 1963129 0 0 0 0 0
2477 63309 16938 0 0 1963229 0 0 0 0 0
2478 63309 16940 0 0 1963480 0 0 0 0 0
2479 63308 16941 0 0 1963579 0 0 0 0 0
2480 63308 16943 0 0 1963830 0 0 0 0 0
2481 63307 16944 0 0 1963930 0 0 0 0 0
2482 63307 16946 0 0 1964181 0 0 0 0 0
2483 63307 16947 0 0 1964307 0 0 0 0 0
2484 63307 16948 0 0 1964432 0 0 0 0 0
2485 63306 16948 0 0 1964407 0 0 0 0 0
2486 63306 16949 0 0 1964532 0 0 0 0 0
2487 63306 16950 0 0 1964658 0 0 0 0 0
2488 63306 16951 0 0 1964783 0 0 0 0 0
2489 63306 16952 0 0 1964909 0 0 0 0 0
2490 63305 16952 0 0 1964883 0 0 0 0 0
2491 63305 16953 0 0 1965008 0 0 0 0 0
2492 63305 16954 0 0 1965134 0 0 0 0 0
2493 63305 16954 0 0 1965134 0 0 0 0 0
2494 63305 16954 0 0 1965134 0 0 0 0 0
2495 63305 16954 0 0 1965134 0 0 0 0 0
2496 63305 16954 0 0 1965134 0 0 0 0 0
2497 63305 16954 0 0 1965134 0 0 0 0 0
2498 63305 16954 0 0 1965134 0 0 0 0 0
2499 63305 16954 0 0 1965134 0 0 0 0 0
2500 63305 16954 0 0 1965134 0 0 0 0 0
2501 63305 16954 0 0 1965134 0 0 0 0 0
2502 63305 16954 0 0 1965134 0 0 0 0 0
2503 63305 16954 0 0 1965134 0 0 0 0 0
2504 63305 16954 0 0 1965134 0 0 0 0 0
2505 63305 16954 0 0 1965134 0 0 0 0 0
2506 63305 16954 0 0 1965134 0 0 0 0 0
2507 63305 16954 0 0 1965134 0 0 0 0 0
2508 63305 16954 0 0 1965134 0 0 0 0 0
2509 63305 16954 0 0 1965134 0 0 0 0 0
2510 63305 16954 0 0 1965134 0 0 0 0 0
2511 63305 16954 0 0 1965134 0 0 0 0 0
2512 63305 16954 0 0 1965134 0 0 0 0 0
2513 63305 16954 0 0 1965134 0 0 0 0 0
2514 63305 16954 0 0 1965134 0 0 0 0 0
2515 63305 16954 0 0 1965134 0 0 0 0 0
2516 63305 16954 0 0 1965134 0 0 0 0 0
2517 63305 16954 0 0 1965134 0 0 0 0 0
2518 63305 16954 0 0 1965134 0 0 0 0 0
2519 63305 16954 0 0 1965134 0 0 0 0 0
2520 63305 16954 0 0 1965134 0 0 0 0 0
2521 63305 16954 0 0 1965134 0 0 0 0 0
2522 63305 16954 0 0 1965134 0 0 0 0 0
2523 63305 16954 0 0 1965134 0 0 0 0 0
2524 63305 16954 0 0 1965134 0 0 0 0 0
2525 63305 16954 0 0 1965134 0 0 0 0 0
2526 63305 16954 0 0 1965134 0 0 0 0 0
2527 63305 16954 0 0 1965134 0 0 0 0 0
2528 63305 16954 0 0 1965134 0 0 0 0 0
2529 63305 16954 0 0 1965134 0 0 0 0 0
2530 63305 16954 0 0 1965134 0 0 0 0 0
2531 63305 16954 0 0 1965134 0 0 0 0 0
2532 63305 16954 0 0 1965134 0 0 0 0 0
2533 63305 16954 0 0 1965134 0 0 0 0 0
2534 63305 16954 0 0 1965134 0 0 0 0 0
2535 63305 16954 0 0 1965134 0 0 0 0 0
2536 63305 16954 0 0 1965134 0 0 0 0 0
2537 63305 16954 0 0 1965134 0 0 0 0 0
2538 63305 16954 0 0 1965134 0 0 0 0 0
2539 63305 16954 0 0 1965134 0 0 0 0 0
2540 63305 16954 0 0 1965134 0 0 0 0 0
2541 63305 16954 0 0 1965134 0 0 0 0 0
2542 63305 16954 0 0 1965134 0 0 0 0 0
2543 63305 16954 0 0 1965134 0 0 0 0 0
2544 63305 16954 0 0 1965134 0 0 0 0 0
2545 63305 16954 0 0 1965134 0 0 0 0 0
2546 63305 16954 0 0 1965134 0 0 0 0 0
2547 63305 16954 0 0 1965134 0 0 0 0 0
2548 63305 16954 0 0 1965134 0 0 0 0 0
2549 63305 16954 0 0 1965134 0 0 0 0 0
2550 63305 16954 0 0 1965134 0 0 0 0 0
2551 63305 16954 0 0 1965134 0 0 0 0 0
2552 63305 16954 0 0 1965134 0 0 0 0 0
2553 63305 16954 0 0 1965134 0 0 0 0 0
2554 63305 16954 0 0 1965134 0 0 0 0 0
2555 63305 16954 0 0 1965134 0 0 0 0 0
2556 63305 16954 0 0 1965134 0 0 0 0 0
2557 63305 16954 0 0 1965134 0 0 0 0 0
2558 63305 16954 0 0 1965134 0 0 0 0 0
2559 63305 16954 0 0 1965134 0 0 0 0 0
2560 63305 16954 0 0 1965134 0 0 0 0 0
2561 63305 16954 0 0 1965134 0 0 0 0 0
2562 63305 16954 0 0 1965134 0 0 0 0 0
2563 63305 16954 0 0 1965134 0 0 0 0 0
2564 63305 16954 0 0 1965134 0 0 0 0 0
2565 63305 16954 0 0 1965134 0 0 0 0 0
2566 63305 16954 0 0 1965134 0 0 0 0 0
2567 63305 16954 0 0 1965134 0 0 0 0 0
2568 63305 16954 0 0 1965134 0 0 0 0 0
2569 63305 16954 0 0 1965134 0 0 0 0 0
2570 63305 16954 0 0 1965134 0 0 0 0 0
2571 63305 16954 0 0 1965134 0 0 0 0 0
2572 63305 16954 0 0 1965134 0 0 0 0 0
2573 63305 16954 0 0 1965134 0 0 0 0 0
2574 63305 16954 0 0 1965134 0 0 0 0 0
2575 63305 16954 0 0 1965134 0 0 0 0 0
2576 63305 16954 0 0 1965134 0 0 0 0 0
2577 63305 16954 0 0 1965134 0 0 0 0 0
2578 63305 16954 0 0 1965134 0 0 0 0 0
2579 63305 16954 0 0 1965134 0 0 0 0 0
2580 63305 16954 0 0 1965134 0 0 0 0 0
2581 63305 16954 0 0 1965134 0 0 0 0 0
2582 63305 16954 0 0 1965134 0 0 0 0 0
2583 63305 16954 0 0 1965134 0 0 0 0 0
2584 63305 16954 0 0 1965134 0 0 0 0 0
2585 63305 16954 0 0 1965134 0 0 0 0 0
2586 63305 16954 0 0 1965134 0 0 0 0 0
2587 63305 16954 0 0 1965134 0 0 0 0 0
2588 63305 16954 0 0 1965134 0 0 0 0 0
2589 63305 16954 0 0 1965134 0 0 0 0 0
2590 63305 16954 0 0 1965134 0 0 0 0 0
2591 63305 16954 0 0 1965134 0 0 0 0 0
2592 63305 16954 0 0 1965134 0 0 0 0 0
2593 63305 16954 0 0 1965134 0 0 0 0 0
2594 63305 16954 0 0 1965134 0 0 0 0 0
2595 63305 16954 0 0 1965134 0 0 0 0 0
2596 63305 16954 0 0 1965134 0 0 0 0 0
2597 63305 16954 0 0 1965134 0 0 0 0 0
2598 63305 16954 0 0 1965134 0 0 0 0 0
2599 63305 16954 0 0 1965134 0 0 0 0 0
2600 63305 16954 0 0 1965134 0 0 0 0 0
2601 63305 16954 0 0 1965134 0 0 0 0 0
2602 63305 16954 0 0 1965134 0 0 0 0 0
2603 63305 16954 0 0 1965134 0 0 0 0 0
2604 63305 16954 0 0 1965134 0 0 0 0 0
2605 63305 16954 0 0 1965134 0 0 0 0 0
2606 63305 16954 0 0 1965134 0 0 0 0 0
2607 63305 16954 0 0 1965134 0 0 0 0 0
2608 63305 16954 0 0 1965134 0 0 0 0 0
2609 63305 16954 0 0 1965134 0 0 0 0 0
2610 63305 16954 0 0 1965134 0 0 0 0 0
2611 63305 16954 0 0 1965134 0 0 0 0 0
2612 63305 16954 0 0 1965134 0 0 0 0 0
2613 63305 16954 0 0 1965134 0 0 0 0 0
2614 63305 16954 0 0 1965134 0 0 0 0 0
2615 63305 16954 0 0 1965134 0 0 0 0 0
2616 63305 16954 0 0 1965134 0 0 0 0 0
2617 63305 16954 0 0 1965134 0 0 0 0 0
2618 63305 16954 0 0 1965134 0 0 0 0 0
2619 63305 16954 0 0 1965134 0 0 0 0 0
2620 63305 16954 0 0 1965134 0 0 0 0 0
2621 63305 16954 0 0 1965134 0 0 0 0 0
2622 63305 16954 0 0 1965134 0 0 0 0 0
2623 63305 16954 0 0 1965134 0 0 0 0 0
2624 63305 16954 0 0 1965134 0 0 0 0 0
2625 63305 16954 0 0 1965134 0 0 0 0 0
2626 63305 16954 0 0 1965134 0 0 0 0 0
2627 63305 16954 0 0 1965134 0 0 0 0 0
2628 63305 16954 0 0 1965134 0 0 0 0 0
2629 63305 16954 0 0 1965134 0 0 0 0 0
2630 63305 16954 0 0 1965134 0 0 0 0 0
2631 63305 16954 0 0 1965134 0 0 0 0 0
2632 63305 16954 0 0 1965134 0 0 0 0 0
2633 63305 16954 0 0 1965134 0 0 0 0 0
2634 63305 16954 0 0 1965134 0 0 0 0 0
2635 63305 16954 0 0 1965134 0 0 0 0 0
2636 63305 16954 0 0 1965134 0 0 0 0 0
2637 63305 16954 0 0 1965134 0 0 0 0 0
2638 63305 16954 0 0 1965134 0 0 0 0 0
2639 63305 16954 0 0 1965134 0 0 0 0 0
2640 63305 16954 0 0 1965134 0 0 0 0 0
2641 63305 16954 0 0 1965134 0 0 0 0 0
2642 63305 16954 0 0 1965134 0 0 0 0 0
2643 63305 16954 0 0 1965134 0 0 0 0 0
2644 63305 16954 0 0 1965134 0 0 0 0 0
2645 63305 16954 0 0 1965134 0 0 0 0 0
2646 63305 16954 0 0 1965134 0 0 0 0 0
2647 63305 16954 0 0 1965134 0 0 0 0 0
2648 63305 16954 0 0 1965134 0 0 0 0 0
2649 63305 16954 0 0 1965134 0 0 0 0 0
2650 63305 16954 0 0 1965134 0 0 0 0 0
2651 63305 16954 0 0 1965134 0 0 0 0 0
2652 63305 16954 0 0 1965134 0 0 0 0 0
2653 63305 16954 0 0 1965134 0 0 0 0 0
2654 63305 16954 0 0 1965134 0 0 0 0 0
2655 63305 16954 0 0 1965134 0 0 0 0 0
2656 63305 16954 0 0 1965134 0 0 0 0 0
2657 63305 16954 0 0 1965134 0 0 0 0 0
2658 63305 16954 0 0 1965134 0 0 0 0 0
2659 63305 16954 0 0 1965134 0 0 0 0 0
2660 63305 16954 0 0 1965134 0 0 0 0 0
2661 63305 16954 0 0 1965134 0 0 0 0 0
2662 63305 16954 0 0 1965134 0 0 0 0 0
2663 63305 16954 0 0 1965134 0 0 0 0 0
2664 63305 16954 0 0 1965134 0 0 0 0 0
2665 63305 16954 0 0 1965134 0 0 0 0 0
2666 63305 16954 0 0 1965134 0 0 0 0 0
2667 63305 16954 0 0 1965134 0 0 0 0 0
2668 63305 16954 0 0 1965134 0 0 0 0 0
2669 63305 16954 0 0 1965134 0 0 0 0 0
2670 63305 16954 0 0 1965134 0 0 0 0 0
2671 63305 16954 0 0 1965134 0 0 0 0 0
2672 63305 16954 0 0 1965134 0 0 0 0 0
2673 63305 16954 0 0 1965134 0 0 0 0 0
2674 63305 16954 0 0 1965134 0 0 0 0 0
2675 63305 16954 0 0 1965134 0 0 0 0 0
2676 63305 16954 0 0 1965134 0 0 0 0 0
2677 63305 16954 0 0 1965134 0 0 0 0 0
2678 63305 16954 0 0 1965134 0 0 0 0 0
2679 63305 16954 0 0 1965134 0 0 0 0 0
2680 63305 16954 0 0 1965134 0 0 0 0 0
2681 63305 16954 0 0 1965134 0 0 0 0 0
2682 63305 16954 0 0 1965134 0 0 0 0 0
2683 63305 16954 0 0 1965134 0 0 0 0 0
2684 63305 16954 0 0 1965134 0 0 0 0 0
2685 63305 16954 0 0 1965134 0 0 0 0 0
2686 63305 16954 0 0 1965134 0 0 0 0 0
2687 63305 16954 0 0 1965134 0 0 0 0 0
2688 63305 16954 0 0 1965134 0 0 0 0 0
2689 63305 16954 0 0 1965134 0 0 0 0 0
2690 63305 16954 0 0 1965134 0 0 0 0 0
2691 63305 16954 0 0 1965134 0 0 0 0 0
2692 63305 16954 0 0 1965134 0 0 0 0 0
2693 63305 16954 0 0 1965134 0 0 0 0 0
2694 63305 16954 0 0 1965134 0 0 0 0 0
2695 63305 16954 0 0 1965134 0 0 0 0 0
2696 63305 16954 0 0 1965134 0 0 0 0 0
2697 63305 16954 0 0 1965134 0 0 0 0 0
2698 63305 16954 0 0 1965134 0 0 0 0 0
2699 63305 16954 0 0 1965134 0 0 0 0 0
2700 63305 16954 0 0 1965134 0 0 0 0 0
2701 63305 16954 0 0 1965134 0 0 0 0 0
2702 63305 16954 0 0 1965134 0 0 0 0 0
2703 63305 16954 0 0 1965134 0 0 0 0 0
2704 63305 16954 0 0 1965134 0 0 0 0 0
2705 63305 16954 0 0 1965134 0 0 0 0 0
2706 63305 16954 0 0 1965134 0 0 0 0 0
2707 63305 16954 0 0 1965134 0 0 0 0 0
2708 63305 16954 0 0 1965134 0 0 0 0 0
2709 63305 16954 0 0 1965134 0 0 0 0 0
2710 63305 16954 0 0 1965134 0 0 0 0 0
2711 63305 16954 0 0 1965134 0 0 0 0 0
2712 63305 16954 0 0 1965134 0 0 0 0 0
2713 63305 16954 0 0 1965134 0 0 0 0 0
2714 63305 16954 0 0 1965134 0 0 0 0 0
2715 63305 16954 0 0 1965134 0 0 0 0 0
2716 63305 16954 0 0 1965134 0 0 0 0 0
2717 63305 16954 0 0 1965134 0 0 0 0 0
2718 63305 16954 0 0 1965134 0 0 0 0 0
2719 63305 16954 0 0 1965134 0 0 0 0 0
2720 63305 16954 0 0 1965134 0 0 0 0 0
2721 63305 16954 0 0 1965134 0 0 0 0 0
2722 63305 16954 0 0 1965134 0 0 0 0 0
2723 63305 16954 0 0 1965134 0 0 0 0 0
2724 63305 16954 0 0 1965134 0 0 0 0 0
2725 63305 16954 0 0 1965134 0 0 0 0 0
2726 63305 16954 0 0 1965134 0 0 0 0 0
2727 63305 16954 0 0 1965134 0 0 0 0 0
2728 63305 16954 0 0 1965134 0 0 0 0 0
2729 63305 16954 0 0 1965134 0 0 0 0 0
2730 63305 16954 0 0 1965134 0 0 0 0 0
2731 63305 16954 0 0 1965134 0 0 0 0 0
2732 63305 16954 0 0 1965134 0 0 0 0 0
2733 63305 16954 0 0 1965134 0 0 0 0 0
2734 63305 16954 0 0 1965134 0 0 0 0 0
2735 63305 16954 0 0 1965134 0 0 0 0 0
2736 63305 16954 0 0 1965134 0 0 0 0 0
2737 63305 16954 0 0 1965134 0 0 0 0 0
2738 63305 16954 0 0 1965134 0 0 0 0 0
2739 63305 16954 0 0 1965134 0 0 0 0 0
2740 63305 16954 0 0 1965134 0 0 0 0 0
2741 63305 16954 0 0 1965134 0 0 0 0 0
2742 63305 16954 0 0 1965134 0 0 0 0 0
2743 63305 16954 0 0 1965134 0 0 0 0 0
2744 63305 16954 0 0 1965134 0 0 0 0 0
2745 63305 16954 0 0 1965134 0 0 0 0 0
2746 63305 16954 0 0 1965134 0 0 0 0 0
2747 63305 16954 0 0 1965134 0 0 0 0 0
2748 63305 16954 0 0 1965134 0 0 0 0 0
2749 63305 16954 0 0 1965134 0 0 0 0 0
2750 63305 16954 0 0 1965134 0 0 0 0 0
2751 63305 16954 0 0 1965134 0 0 0 0 0
2752 63305 16954 0 0 1965134 0 0 0 0 0
2753 63305 16954 0 0 1965134 0 0 0 0 0
2754 63305 16954 0 0 1965134 0 0 0 0 0
2755 63305 16954 0 0 1965134 0 0 0 0 0
2756 63305 16954 0 0 1965134 0 0 0 0 0
2757 63305 16954 0 0 1965134 0 0 0 0 0
2758 63305 16954 0 0 1965134 0 0 0 0 0
2759 63305 16954 0 0 1965134 0 0 0 0 0
2760 63305 16954 0 0 1965134 0 0 0 0 0
2761 63305 16954 0 0 1965134 0 0 0 0 0
2762 63305 16954 0 0 1965134 0 0 0 0 0
2763 63305 16954 0 0 1965134 0 0 0 0 0
2764 63305 16954 0 0 1965134 0 0 0 0 0
2765 63305 16954 0 0 1965134 0 0 0 0 0
2766 63305 16954 0 0 1965134 0 0 0 0 0
2767 63305 16954 0 0 1965134 0 0 0 0 0
2768 63305 16954 0 0 1965134 0 0 0 0 0
2769 63305 16954 0 0 1965134 0 0 0 0 0
2770 63305 16954 0 0 1965134 0 0 0 0 0
2771 63305 16954 0 0 1965134 0 0 0 0 0
2772 63305 16954 0 0 1965134 0 0 0 0 0
2773 63305 16954 0 0 1965134 0 0 0 0 0
2774 63305 16954 0 0 1965134 0 0 0 0 0
2775 63305 16954 0 0 1965134 0 0 0 0 0
2776 63305 16954 0 0 1965134 0 0 0 0 0
2777 63305 16954 0 0 1965134 0 0 0 0 0
2778 63305 16954 0 0 1965134 0 0 0 0 0
2779 63305 16954 0 0 1965134 0 0 0 0 0
2780 63305 16954 0 0 1965134 0 0 0 0 0
2781 63305 16954 0 0 1965134 0 0 0 0 0
2782 63305 16954 0 0 1965134 0 0 0 0 0
2783 63305 16954 0 0 1965134 0 0 0 0 0
2784 63305 16954 0 0 1965134 0 0 0 0 0
2785 63305 16954 0 0 1965134 0 0 0 0 0
2786 63305 16954 0 0 1965134 0 0 0 0 0
2787 63305 16954 0 0 1965134 0 0 0 0 0
2788 63305 16954 0 0 1965134 0 0 0 0 0
2789 63305 16954 0 0 1965134 0 0 0 0 0
2790 63305 16954 0 0 1965134 0 0 0 0 0
2791 63305 16954 0 0 1965134 0 0 0 0 0
2792 63305 16954 0 0 1965134 0 0 0 0 0
2793 63305 16954 0 0 1965134 0 0 0 0 0
2794 63305 16954 0 0 1965134 0 0 0 0 0
2795 63305 16954 0 0 1965134 0 0 0 0 0
2796 63305 16954 0 0 1965134 0 0 0 0 0
2797 63305 16954 0 0 1965134 0 0 0 0 0
2798 63305 16954 0 0 1965134 0 0 0 0 0
2799 63305 16954 0 0 1965134 0 0 0 0 0
2800 63305 16954 0 0 1965134 0 0 0 0 0
2801 63305 16954 0 0 1965134 0 0 0 0 0
2802 63305 16954 0 0 1965134 0 0 0 0 0
2803 63305 16954 0 0 1965134 0 0 0 0 0
2804 63305 16954 0 0 1965134 0 0 0 0 0
2805 63305 16954 0 0 1965134 0 0 0 0 0
2806 63305 16954 0 0 1965134 0 0 0 0 0
2807 63305 16954 0 0 1965134 0 0 0 0 0
2808 63305 16954 0 0 1965134 0 0 0 0 0
2809 63305 16954 0 0 1965134 0 0 0 0 0
2810 63305 16954 0 0 1965134 0 0 0 0 0
2811 63305 16954 0 0 1965134 0 0 0 0 0
2812 63305 16954 0 0 1965134 0 0 0 0 0
2813 63305 16954 0 0 1965134 0 0 0 0 0
2814 63305 16954 0 0 1965134 0 0 0 0 0
2815 63305 16954 0 0 1965134 0 0 0 0 0
2816 63305 16954 0 0 1965134 0 0 0 0 0
2817 63305 16954 0 0 1965134 0 0 0 0 0
2818 63305 16954 0 0 1965134 0 0 0 0 0
2819 63305 16954 0 0 1965134 0 0 0 0 0
2820 63305 16954 0 0 1965134 0 0 0 0 0
2821 63305 16954 0 0 1965134 0 0 0 0 0
2822 63305 16954 0 0 1965134 0 0 0 0 0
2823 63305 16954 0 0 1965134 0 0 0 0 0
2824 63305 16954 0 0 1965134 0 0 0 0 0
2825 63305 16954 0 0 1965134 0 0 0 0 0
2826 63305 16954 0 0 1965134 0 0 0 0 0
2827 63305 16954 0 0 1965134 0 0 0 0 0
2828 63305 16954 0 0 1965134 0 0 0 0 0
2829 63305 16954 0 0 1965134 0 0 0 0 0
2830 63305 16954 0 0 1965134 0 0 0 0 0
2831 63305 16954 0 0 1965134 0 0 0 0 0
2832 63305 16954 0 0 1965134 0 0 0 0 0
2833 63305 16954 0 0 1965134 0 0 0 0 0
2834 63305 16954 0 0 1965134 0 0 0 0 0
2835 63305 16954 0 0 1965134 0 0 0 0 0
2836 63305 16954 0 0 1965134 0 0 0 0 0
2837 63305 16954 0 0 1965134 0 0 0 0 0
2838 63305 16954 0 0 1965134 0 0 0 0 0
2839 63305 16954 0 0 1965134 0 0 0 0 0
2840 63305 16954 0 0 1965134 0 0 0 0 0
2841 63305 16954 0 0 1965134 0 0 0 0 0
2842 63305 16954 0 0 1965134 0 0 0 0 0
2843 63305 16954 0 0 1965134 0 0 0 0 0
2844 63305 16954 0 0 1965134 0 0 0 0 0
2845 63305 16954 0 0 1965134 0 0 0 0 0
2846 63305 16954 0 0 1965134 0 0 0 0 0
2847 63305 16954 0 0 1965134 0 0 0 0 0
2848 63305 16954 0 0 1965134 0 0 0 0 0
2849 63305 16954 0 0 1965134 0 0 0 0 0
2850 63305 16954 0 0 1965134 0 0 0 0 0
2851 63305 16954 0 0 1965134 0 0 0 0 0
2852 63305 16954 0 0 1965134 0 0 0 0 0
2853 63305 16954 0 0 1965134 0 0 0 0 0
2854 63305 16954 0 0 1965134 0 0 0 0 0
2855 63305 16954 0 0 1965134 0 0 0 0 0
2856 63305 16954 0 0 1965134 0 0 0 0 0
2857 63305 16954 0 0 1965134 0 0 0 0 0
2858 63305 16954 0 0 1965134 0 0 0 0 0
2859 63305 16954 0 0 1965134 0 0 0 0 0
2860 63305 16954 0 0 1965134 0 0 0 0 0
2861 63305 16954 0 0 1965134 0 0 0 0 0
2862 63305 16954 0 0 1965134 0 0 0 0 0
2863 63305 16954 0 0 1965134 0 0 0 0 0
2864 63305 16954 0 0 1965134 0 0 0 0 0
2865 63305 16954 0 0 1965134 0 0 0 0 0
2866 63305 16954 0 0 1965134 0 0 0 0 0
2867 63305 16954 0 0 1965134 0 0 0 0 0
2868 63305 16954 0 0 1965134 0 0 0 0 0
2869 63305 16954 0 0 1965134 0 0 0 0 0
2870 63305 16954 0 0 1965134 0 0 0 0 0
2871 63305 16954 0 0 1965134 0 0 0 0 0
2872 63305 16954 0 0 1965134 0 0 0 0 0
2873 63305 16954 0 0 1965134 0 0 0 0 0
2874 63305 16954 0 0 1965134 0 0 0 0 0
2875 63305 16954 0 0 1965134 0 0 0 0 0
2876 63305 16954 0 0 1965134 0 0 0 0 0
2877 63305 16954 0 0 1965134 0 0 0 0 0
2878 63305 16954 0 0 1965134 0 0 0 0 0
2879 63305 16954 0 0 1965134 0 0 0 0 0
2880 63305 16954 0 0 1965134 0 0 0 0 0
2881 63305 16954 0 0 1965134 0 0 0 0 0
2882 63305 16954 0 0 1965134 0 0 0 0 0
2883 63305 16954 0 0 1965134 0 0 0 0 0
2884 63305 16954 0 0 1965134 0 0 0 0 0
2885 63305 16954 0 0 1965134 0 0 0 0 0
2886 63305 16954 0 0 1965134 0 0 0 0 0
2887 63305 16954 0 0 1965134 0 0 0 0 0
2888 63305 16954 0 0 1965134 0 0 0 0 0
2889 63305 16954 0 0 1965134 0 0 0 0 0
2890 63305 16954 0 0 1965134 0 0 0 0 0
2891 63305 16954 0 0 1965134 0 0 0 0 0
2892 63305 16954 0 0 1965134 0 0 0 0 0
2893 63305 16954 0 0 1965134 0 0 0 0 0
2894 63305 16954 0 0 1965134 0 0 0 0 0
2895 63305 16954 0 0 1965134 0 0 0 0 0
2896 63305 16954 0 0 1965134 0 0 0 0 0
2897 63305 16954 0 0 1965134 0 0 0 0 0
2898 63305 16954 0 0 1965134 0 0 0 0 0
2899 63305 16954 0 0 1965134 0 0 0 0 0
2900 63305 16954 0 0 1965134 0 0 0 0 0
2901 63305 16954 0 0 1965134 0 0 0 0 0
2902 63305 16954 0 0 1965134 0 0 0 0 0
2903 63305 16954 0 0 1965134 0 0 0 0 0
2904 63305 16954 0 0 1965134 0 0 0 0 0
2905 63305 16954 0 0 1965134 0 0 0 0 0
2906 63305 16954 0 0 1965134 0 0 0 0 0
2907 63305 16954 0 0 1965134 0 0 0 0 0
2908 63305 16954 0 0 1965134 0 0 0 0 0
2909 63305 16954 0 0 1965134 0 0 0 0 0
2910 63305 16954 0 0 1965134 0 0 0 0 0
2911 63305 16954 0 0 1965134 0 0 0 0 0
2912 63305 16954 0 0 1965134 0 0 0 0 0
2913 63305 16954 0 0 1965134 0 0 0 0 0
2914 63305 16954 0 0 1965134 0 0 0 0 0
2915 63305 16954 0 0 1965134 0 0 0 0 0
2916 63305 16954 0 0 1965134 0 0 0 0 0
2917 63305 16954 0 0 1965134 0 0 0 0 0
2918 63305 16954 0 0 1965134 0 0 0 0 0
2919 63305 16954 0 0 1965134 0 0 0 0 0
2920 63305 16954 0 0 1965134 0 0 0 0 0
2921 63305 16954 0 0 1965134 0 0 0 0 0
2922 63305 16954 0 0 1965134 0 0 0 0 0
2923 63305 16954 0 0 1965134 0 0 0 0 0
2924 63305 16954 0 0 1965134 0 0 0 0 0
2925 63305 16954 0 0 1965134 0 0 0 0 0
2926 63305 16954 0 0 1965134 0 0 0 0 0
2927 63305 16954 0 0 1965134 0 0 0 0 0
2928 63305 16954 0 0 1965134 0 0 0 0 0
2929 63305 16954 0 0 1965134 0 0 0 0 0
2930 63305 16954 0 0 1965134 0 0 0 0 0
2931 63305 16954 0 0 1965134 0 0 0 0 0
2932 63305 16954 0 0 1965134 0 0 0 0 0
2933 63305 16954 0 0 1965134 0 0 0 0 0
2934 63305 16954 0 0 1965134 0 0 0 0 0
2935 63305 16954 0 0 1965134 0 0 0 0 0
2936 63305 16954 0 0 1965134 0 0 0 0 0
2937 63305 16954 0 0 1965134 0 0 0 0 0
2938 63305 16954 0 0 1965134 0 0 0 0 0
2939 63305 16954 0 0 1965134 0 0 0 0 0
2940 63305 16954 0 0 1965134 0 0 0 0 0
2941 63305 16954 0 0 1965134 0 0 0 0 0
2942 63305 16954 0 0 1965134 0 0 0 0 0
2943 63305 16954 0 0 1965134 0 0 0 0 0
2944 63305 16954 0 0 1965134 0 0 0 0 0
2945 63305 16954 0 0 1965134 0 0 0 0 0
2946 63305 16954 0 0 1965134 0 0 0 0 0
2947 63305 16954 0 0 1965134 0 0 0 0 0
2948 63305 16954 0 0 1965134 0 0 0 0 0
2949 63305 16954 0 0 1965134 0 0 0 0 0
2950 63305 16954 0 0 1965134 0 0 0 0 0
2951 63305 16954 0 0 1965134 0 0 0 0 0
2952 63305 16954 0 0 1965134 0 0 0 0 0
2953 63305 16954 0 0 1965134 0 0 0 0 0
2954 63305 16954 0 0 1965134 0 0 0 0 0
2955 63305 16954 0 0 1965134 0 0 0 0 0
2956 63305 16954 0 0 1965134 0 0 0 0 0
2957 63305 16954 0 0 1965134 0 0 0 0 0
2958 63305 16954 0 0 1965134 0 0 0 0 0
2959 63305 16954 0 0 1965134 0 0 0 0 0
2960 63305 16954 0 0 1965134 0 0 0 0 0
2961 63305 16954 0 0 1965134 0 0 0 0 0
2962 63305 16954 0 0 1965134 0 0 0 0 0
2963 63305 16954 0 0 1965134 0 0 0 0 0
2964 63305 16954 0 0 1965134 0 0 0 0 0
2965 63305 16954 0 0 1965134 0 0 0 0 0
2966 63305 16954 0 0 1965134 0 0 0 0 0
2967 63305 16954 0 0 1965134 0 0 0 0 0
2968 63305 16954 0 0 1965134 0 0 0 0 0
2969 63305 16954 0 0 1965134 0 0 0 0 0
2970 63305 16954 0 0 1965134 0 0 0 0 0
2971 63305 16954 0 0 1965134 0 0 0 0 0
2972 63305 16954 0 0 1965134 0 0 0 0 0
2973 63305 16954 0 0 1965134 0 0 0 0 0
2974 63305 16954 0 0 1965134 0 0 0 0 0
2975 63305 16954 0 0 1965134 0 0 0 0 0
2976 63305 16954 0 0 1965134 0 0 0 0 0
2977 63305 16954 0 0 1965134 0 0 0 0 0
2978 63305 16954 0 0 1965134 0 0 0 0 0
2979 63305 16954 0 0 1965134 0 0 0 0 0
2980 63305 16954 0 0 1965134 0 0 0 0 0
2981 63305 16954 0 0 1965134 0 0 0 0 0
2982 63305 16954 0 0 1965134 0 0 0 0 0
2983 63305 16954 0 0 1965134 0 0 0 0 0
2984 63305 16954 0 0 1965134 0 0 0 0 0
2985 63305 16954 0 0 1965134 0 0 0 0 0
2986 63305 16954 0 0 1965134 0 0 0 0 0
2987 63305 16954 0 0 1965134 0 0 0 0 0
2988 63305 16954 0 0 1965134 0 0 0 0 0
2989 63305 16954 0 0 1965134 0 0 0 0 0
2990 63305 16954 0 0 1965134 0 0 0 0 0
2991 63305 16954 0 0 1965134 0 0 0 0 0
2992 63305 16954 0 0 1965134 0 0 0 0 0
2993 63305 16954 0 0 1965134 0 0 0 0 0
2994 63305 16954 0 0 1965134 0 0 0 0 0
2995 63305 16954 0 0 1965134 0 0 0 0 0
2996 63305 16954 0 0 1965134 0 0 0 0 0
2997 63305 16954 0 0 1965134 0 0 0 0 0
2998 63305 16954 0 0 1965134 0 0 0 0 0
2999 63305 16954 0 0 1965134 0 0 0 0 0
3000 63305 16954 0 0 1965134 0 0 0 0 0
3001 63305 16954 0 0 1965134 0 0 0 0 0
3002 63305 16954 0 0 1965134 0 0 0 0 0
3003 63305 16954 0 0 1965134 0 0 0 0 0
3004 63305 16954 0 0 1965134 0 0 0 0 0
3005 63305 16954 0 0 1965134 0 0 0 0 0
3006 63305 16954 0 0 1965134 0 0 0 0 0
3007 63305 16954 0 0 1965134 0 0 0 0 0
3008 63305 16954 0 0 1965134 0 0 0 0 0
3009 63305 16954 0 0 1965134 0 0 0 0 0
3010 63305 16954 0 0 1965134 0 0 0 0 0
3011 63305 16954 0 0 1965134 0 0 0 0 0
3012 63305 16954 0 0 1965134 0 0 0 0 0
3013 63305 16954 0 0 1965134 0 0 0 0 0
3014 63305 16954 0 0 1965134 0 0 0 0 0
3015 63305 16954 0 0 1965134 0 0 0 0 0
3016 63305 16954 0 0 1965134 0 0 0 0 0
3017 63305 16954 0 0 1965134 0 0 0 0 0
3018 63305 16954 0 0 1965134 0 0 0 0 0
3019 63305 16954 0 0 1965134 0 0 0 0 0
3020 63305 16954 0 0 1965134 0 0 0 0 0
3021 63305 16954 0 0 1965134 0 0 0 0 0
3022 63305 16954 0 0 1965134 0 0 0 0 0
3023 63305 16954 0 0 1965134 0 0 0 0 0
3024 63305 16954 0 0 1965134 0 0 0 0 0
3025 63305 16954 0 0 1965134 0 0 0 0 0
3026 63305 16954 0 0 1965134 0 0 0 0 0
3027 63305 16954 0 0 1965134 0 0 0 0 0
3028 63305 16954 0 0 1965134 0 0 0 0 0
3029 63305 16954 0 0 1965134 0 0 0 0 0
3030 63305 16954 0 0 1965134 0 0 0 0 0
3031 63305 16954 0 0 1965134 0 0 0 0 0
3032 63305 16954 0 0 1965134 0 0 0 0 0
3033 63305 16954 0 0 1965134 0 0 0 0 0
3034 63305 16954 0 0 1965134 0 0 0 0 0
3035 63305 16954 0 0 1965134 0 0 0 0 0
3036 63305 16954 0 0 1965134 0 0 0 0 0
3037 63305 16954 0 0 1965134 0 0 0 0 0
3038 63305 16954 0 0 1965134 0 0 0 0 0
3039 63305 16954 0 0 1965134 0 0 0 0 0
3040 63305 16954 0 0 1965134 0 0 0 0 0
3041 63305 16954 0 0 1965134 0 0 0 0 0
3042 63305 16954 0 0 1965134 0 0 0 0 0
3043 63305 16954 0 0 1965134 0 0 0 0 0
3044 63305 16954 0 0 1965134 0 0 0 0 0
3045 63305 16954 0 0 1965134 0 0 0 0 0
3046 63305 16954 0 0 1965134 0 0 0 0 0
3047 63305 16954 0 0 1965134 0 0 0 0 0
3048 63305 16954 0 0 1965134 0 0 0 0 0
3049 63305 16954 0 0 1965134 0 0 0 0 0
3050 63305 16954 0 0 1965134 0 0 0 0 0
3051 63305 16954 0 0 1965134 0 0 0 0 0
3052 63305 16954 0 0 1965134 0 0 0 0 0
3053 63305 16954 0 0 1965134 0 0 0 0 0
3054 63305 16954 0 0 1965134 0 0 0 0 0
3055 63305 16954 0 0 1965134 0 0 0 0 0
3056 63305 16954 0 0 1965134 0 0 0 0 0
3057 63305 16954 0 0 1965134 0 0 0 0 0
3058 63305 16954 0 0 1965134 0 0 0 0 0
3059 63305 16954 0 0 1965134 0 0 0 0 0
3060 63305 16954 0 0 1965134 0 0 0 0 0
3061 63305 16954 0 0 1965134 0 0 0 0 0
3062 63305 16954 0 0 1965134 0 0 0 0 0
3063 63305 16954 0 0 1965134 0 0 0 0 0
3064 63305 16954 0 0 1965134 0 0 0 0 0
3065 63305 16954 0 0 1965134 0 0 0 0 0
3066 63305 16954 0 0 1965134 0 0 0 0 0
3067 63305 16954 0 0 1965134 0 0 0 0 0
3068 63305 16954 0 0 1965134 0 0 0 0 0
3069 63305 16954 0 0 1965134 0 0 0 0 0
3070 63305 16954 0 0 1965134 0 0 0 0 0
3071 63305 16954 0 0 1965134 0 0 0 0 0
3072 63305 16954 0 0 1965134 0 0 0 0 0
3073 63305 16954 0 0 1965134 0 0 0 0 0
3074 63305 16954 0 0 1965134 0 0 0 0 0
3075 63305 16954 0 0 1965134 0 0 0 0 0
3076 63305 16954 0 0 1965134 0 0 0 0 0
3077 63305 16954 0 0 1965134 0 0 0 0 0
3078 63305 16954 0 0 1965134 0 0 0 0 0
3079 63305 16954 0 0 1965134 0 0 0 0 0
3080 63305 16954 0 0 1965134 0 0 0 0 0
3081 63305 16954 0 0 1965134 0 0 0 0 0
3082 63305 16954 0 0 1965134 0 0 0 0 0
3083 63305 16954 0 0 1965134 0 0 0 0 0
3084 63305 16954 0 0 1965134 0 0 0 0 0
3085 63305 16954 0 0 1965134 0 0 0 0 0
3086 63305 16954 0 0 1965134 0 0 0 0 0
3087 63305 16954 0 0 1965134 0 0 0 0 0
3088 63305 16954 0 0 1965134 0 0 0 0 0
3089 63305 16954 0 0 1965134 0 0 0 0 0
3090 63305 16954 0 0 1965134 0 0 0 0 0
3091 63305 16954 0 0 1965134 0 0 0 0 0
3092 63305 16954 0 0 1965134 0 0 0 0 0
3093 63305 16954 0 0 1965134 0 0 0 0 0
3094 63305 16954 0 0 1965134 0 0 0 0 0
3095 63305 16954 0 0 1965134 0 0 0 0 0
3096 63305 16954 0 0 1965134 0 0 0 0 0
3097 63305 16954 0 0 1965134 0 0 0 0 0
3098 63305 16954 0 0 1965134 0 0 0 0 0
3099 63305 16954 0 0 1965134 0 0 0 0 0
3100 63305 16954 0 0 1965134 0 0 0 0 0
3101 63305 16954 0 0 1965134 0 0 0 0 0
3102 63305 16954 0 0 1965134 0 0 0 0 0
3103 63305 16954 0 0 1965134 0 0 0 0 0
3104 63305 16954 0 0 1965134 0 0 0 0 0
3105 63305 16954 0 0 1965134 0 0 0 0 0
3106 63305 16954 0 0 1965134 0 0 0 0 0
3107 63305 16954 0 0 1965134 0 0 0 0 0
3108 63305 16954 0 0 1965134 0 0 0 0 0
3109 63305 16954 0 0 1965134 0 0 0 0 0
3110 63305 16954 0 0 1965134 0 0 0 0 0
3111 63305 16954 0 0 1965134 0 0 0 0 0
3112 63305 16954 0 0 1965134 0 0 0 0 0
3113 63305 16954 0 0 1965134 0 0 0 0 0
3114 63305 16954 0 0 1965134 0 0 0 0 0
3115 63305 16954 0 0 1965134 0 0 0 0 0
3116 63305 16954 0 0 1965134 0 0 0 0 0
3117 63305 16954 0 0 1965134 0 0 0 0 0
3118 63305 16954 0 0 1965134 0 0 0 0 0
3119 63305 16954 0 0 1965134 0 0 0 0 0
3120 63305 16954 0 0 1965134 0 0 0 0 0
3121 63305 16954 0 0 1965134 0 0 0 0 0
3122 63305 16954 0 0 1965134 0 0 0 0 0
3123 63305 16954 0 0 1965134 0 0 0 0 0
3124 63305 16954 0 0 1965134 0 0 0 0 0
3125 63305 16954 0 0 1965134 0 0 0 0 0
3126 63305 16954 0 0 1965134 0 0 0 0 0
3127 63305 16954 0 0 1965134 0 0 0 0 0
3128 63305 16954 0 0 1965134 0 0 0 0 0
3129 63305 16954 0 0 1965134 0 0 0 0 0
3130 63305 16954 0 0 1965134 0 0 0 0 0
3131 63305 16954 0 0 1965134 0 0 0 0 0
3132 63305 16954 0 0 1965134 0 0 0 0 0
3133 63305 16954 0 0 1965134 0 0 0 0 0
3134 63305 16954 0 0 1965134 0 0 0 0 0
3135 63305 16954 0 0 1965134 0 0 0 0 0
3136 63305 16954 0 0 1965134 0 0 0 0 0
3137 63305 16954 0 0 1965134 0 0 0 0 0
3138 63305 16954 0 0 1965134 0 0 0 0 0
3139 63305 16954 0 0 1965134 0 0 0 0 0
3140 63305 16954 0 0 1965134 0 0 0 0 0
3141 63305 16954 0 0 1965134 0 0 0 0 0
3142 63305 16954 0 0 1965134 0 0 0 0 0
3143 63305 16954 0 0 1965134 0 0 0 0 0
3144 63305 16954 0 0 1965134 0 0 0 0 0
3145 63305 16954 0 0 1965134 0 0 0 0 0
3146 63305 16954 0 0 1965134 0 0 0 0 0
3147 63305 16954 0 0 1965134 0 0 0 0 0
3148 63305 16954 0 0 1965134 0 0 0 0 0
3149 63305 16954 0 0 1965134 0 0 0 0 0
3150 63305 16954 0 0 1965134 0 0 0 0 0
3151 63305 16954 0 0 1965134 0 0 0 0 0
3152 63305 16954 0 0 1965134 0 0 0 0 0
3153 63305 16954 0 0 1965134 0 0 0 0 0
3154 63305 16954 0 0 1965134 0 0 0 0 0
3155 63305 16954 0 0 1965134 0 0 0 0 0
3156 63305 16954 0 0 1965134 0 0 0 0 0
3157 63305 16954 0 0 1965134 0 0 0 0 0
3158 63305 16954 0 0 1965134 0 0 0 0 0
3159 63305 16954 0 0 1965134 0 0 0 0 0
3160 63305 16954 0 0 1965134 0 0 0 0 0
3161 63305 16954 0 0 1965134 0 0 0 0 0
3162 63305 16954 0 0 1965134 0 0 0 0 0
3163 63305 16954 0 0 1965134 0 0 0 0 0
3164 63305 16954 0 0 1965134 0 0 0 0 0
3165 63305 16954 0 0 1965134 0 0 0 0 0
3166 63305 16954 0 0 1965134 0 0 0 0 0
3167 63305 16954 0 0 1965134 0 0 0 0 0
3168 63305 16954 0 0 1965134 0 0 0 0 0
3169 63305 16954 0 0 1965134 0 0 0 0 0
3170 63305 16954 0 0 1965134 0 0 0 0 0
3171 63305 16954 0 0 1965134 0 0 0 0 0
3172 63305 16954 0 0 1965134 0 0 0 0 0
3173 63305 16954 0 0 1965134 0 0 0 0 0
3174 63305 16954 0 0 1965134 0 0 0 0 0
3175 63305 16954 0 0 1965134 0 0 0 0 0
3176 63305 16954 0 0 1965134 0 0 0 0 0
3177 63305 16954 0 0 1965134 0 0 0 0 0
3178 63305 16954 0 0 1965134 0 0 0 0 0
3179 63305 16954 0 0 1965134 0 0 0 0 0
3180 63305 16954 0 0 1965134 0 0 0 0 0
3181 63305 16954 0 0 1965134 0 0 0 0 0
3182 63305 16954 0 0 1965134 0 0 0 0 0
3183 63305 16954 0 0 1965134 0 0 0 0 0
3184 63305 16954 0 0 1965134 0 0 0 0 0
3185 63305 16954 0 0 1965134 0 0 0 0 0
3186 63305 16954 0 0 1965134 0 0 0 0 0
3187 63305 16954 0 0 1965134 0 0 0 0 0
3188 63305 16954 0 0 1965134 0 0 0 0 0
3189 63305 16954 0 0 1965134 0 0 0 0 0
3190 63305 16954 0 0 1965134 0 0 0 0 0
3191 63305 16954 0 0 1965134 0 0 0 0 0
3192 63305 16954 0 0 1965134 0 0 0 0 0
3193 63305 16954 0 0 1965134 0 0 0 0 0
3194 63305 16954 0 0 1965134 0 0 0 0 0
3195 63305 16954 0 0 1965134 0 0 0 0 0
3196 63305 16954 0 0 1965134 0 0 0 0 0
3197 63305 16954 0 0 1965134 0 0 0 0 0
3198 63305 16954 0 0 1965134 0 0 0 0 0
3199 63305 16954 0 0 1965134 0 0 0 0 0
3200 63305 16954 0 0 1965134 0 0 0 0 0
3201 63305 16954 0 0 1965134 0 0 0 0 0
3202 63305 16954 0 0 1965134 0 0 0 0 0
3203 63305 16954 0 0 1965134 0 0 0 0 0
3204 63305 16954 0 0 1965134 0 0 0 0 0
3205 63305 16954 0 0 1965134 0 0 0 0 0
3206 63305 16954 0 0 1965134 0 0 0 0 0
3207 63305 16954 0 0 1965134 0 0 0 0 0
3208 63305 16954 0 0 1965134 0 0 0 0 0
3209 63305 16954 0 0 1965134 0 0 0 0 0
3210 63305 16954 0 0 1965134 0 0 0 0 0
3211 63305 16954 0 0 1965134 0 0 0 0 0
3212 63305 16954 0 0 1965134 0 0 0 0 0
3213 63305 16954 0 0 1965134 0 0 0 0 0
3214 63305 16954 0 0 1965134 0 0 0 0 0
3215 63305 16954 0 0 1965134 0 0 0 0 0
3216 63305 16954 0 0 1965134 0 0 0 0 0
3217 63305 16954 0 0 1965134 0 0 0 0 0
3218 63305 16954 0 0 1965134 0 0 0 0 0
3219 63305 16954 0 0 1965134 0 0 0 0 0
3220 63305 16954 0 0 1965134 0 0 0 0 0
3221 63305 16954 0 0 1965134 0 0 0 0 0
3222 63305 16954 0 0 1965134 0 0 0 0 0
3223 63305 16954 0 0 1965134 0 0 0 0 0
3224 63305 16954 0 0 1965134 0 0 0 0 0
3225 63305 16954 0 0 1965134 0 0 0 0 0
3226 63305 16954 0 0 1965134 0 0 0 0 0
3227 63305 16954 0 0 1965134 0 0 0 0 0
3228 63305 16954 0 0 1965134 0 0 0 0 0
3229 63305 16954 0 0 1965134 0 0 0 0 0
3230 63305 16954 0 0 1965134 0 0 0 0 0
3231 63305 16954 0 0 1965134 0 0 0 0 0
3232 63305 16954 0 0 1965134 0 0 0 0 0
3233 63305 16954 0 0 1965134 0 0 0 0 0
3234 63305 16954 0 0 1965134 0 0 0 0 0
3235 63305 16954 0 0 1965134 0 0 0 0 0
3236 63305 16954 0 0 1965134 0 0 0 0 0
3237 63305 16954 0 0 1965134 0 0 0 0 0
3238 63305 16954 0 0 1965134 0 0 0 0 0
3239 63305 16954 0 0 1965134 0 0 0 0 0
3240 63305 16954 0 0 1965134 0 0 0 0 0
3241 63305 16954 0 0 1965134 0 0 0 0 0
3242 63305 16954 0 0 1965134 0 0 0 0 0
3243 63305 16954 0 0 1965134 0 0 0 0 0
3244 63305 16954 0 0 1965134 0 0 0 0 0
3245 63305 16954 0 0 1965134 0 0 0 0 0
3246 63305 16954 0 0 1965134 0 0 0 0 0
3247 63305 16954 0 0 1965134 0 0 0 0 0
3248 63305 16954 0 0 1965134 0 0 0 0 0
3249 63305 16954 0 0 1965134 0 0 0 0 0
3250 63305 16954 0 0 1965134 0 0 0 0 0
3251 63305 16954 0 0 1965134 0 0 0 0 0
3252 63305 16954 0 0 1965134 0 0 0 0 0
3253 63305 16954 0 0 1965134 0 0 0 0 0
3254 63305 16954 0 0 1965134 0 0 0 0 0
3255 63305 16954 0 0 1965134 0 0 0 0 0
3256 63305 16954 0 0 1965134 0 0 0 0 0
3257 63305 16954 0 0 1965134 0 0 0 0 0
3258 63305 16954 0 0 1965134 0 0 0 0 0
3259 63305 16954 0 0 1965134 0 0 0 0 0
3260 63305 16954 0 0 1965134 0 0 0 0 0
3261 63305 16954 0 0 1965134 0 0 0 0 0
3262 63305 16954 0 0 1965134 0 0 0 0 0
3263 63305 16954 0 0 1965134 0 0 0 0 0
3264 63305 16954 0 0 1965134 0 0 0 0 0
3265 63305 16954 0 0 1965134 0 0 0 0 0
3266 63305 16954 0 0 1965134 0 0 0 0 0
3267 63305 16954 0 0 1965134 0 0 0 0 0
3268 63305 16954 0 0 1965134 0 0 0 0 0
3269 63305 16954 0 0 1965134 0 0 0 0 0
3270 63305 16954 0 0 1965134 0 0 0 0 0
3271 63305 16954 0 0 1965134 0 0 0 0 0
3272 63305 16954 0 0 1965134 0 0 0 0 0
3273 63305 16954 0 0 1965134 0 0 0 0 0
3274 63305 16954 0 0 1965134 0 0 0 0 0
3275 63305 16954 0 0 1965134 0 0 0 0 0
3276 63305 16954 0 0 1965134 0 0 0 0 0
3277 63305 16954 0 0 1965134 0 0 0 0 0
3278 63305 16954 0 0 1965134 0 0 0 0 0
3279 63305 16954 0 0 1965134 0 0 0 0 0
3280 63305 16954 0 0 1965134 0 0 0 0 0
3281 63305 16954 0 0 1965134 0 0 0 0 0
3282 63305 16954 0 0 1965134 0 0 0 0 0
3283 63305 16954 0 0 1965134 0 0 0 0 0
3284 63305 16954 0 0 1965134 0 0 0 0 0
3285 63305 16954 0 0 1965134 0 0 0 0 0
3286 63305 16954 0 0 1965134 0 0 0 0 0
3287 63305 16954 0 0 1965134 0 0 0 0 0
3288 63305 16954 0 0 1965134 0 0 0 0 0
3289 63305 16954 0 0 1965134 0 0 0 0 0
3290 63305 16954 0 0 1965134 0 0 0 0 0
3291 63305 16954 0 0 1965134 0 0 0 0 0
3292 63305 16954 0 0 1965134 0 0 0 0 0
3293 63305 16954 0 0 1965134 0 0 0 0 0
3294 63305 16954 0 0 1965134 0 0 0 0 0
3295 63305 16954 0 0 1965134 0 0 0 0 0
3296 63305 16954 0 0 1965134 0 0 0 0 0
3297 63305 16954 0 0 1965134 0 0 0 0 0
3298 63305 16954 0 0 1965134 0 0 0 0 0
3299 63305 16954 0 0 1965134 0 0 0 0 0
3300 63305 16954 0 0 1965134 0 0 0 0 0
3301 63305 16954 0 0 1965134 0 0 0 0 0
3302 63305 16954 0 0 1965134 0 0 0 0 0
3303 63305 16954 0 0 1965134 0 0 0 0 0
3304 63305 16954 0 0 1965134 0 0 0 0 0
3305 63305 16954 0 0 1965134 0 0 0 0 0
3306 63305 16954 0 0 1965134 0 0 0 0 0
3307 63305 16954 0 0 1965134 0 0 0 0 0
3308 63305 16954 0 0 1965134 0 0 0 0 0
3309 63305 16954 0 0 1965134 0 0 0 0 0
3310 63305 16954 0 0 1965134 0 0 0 0 0
3311 63305 16954 0 0 1965134 0 0 0 0 0
3312 63305 16954 0 0 1965134 0 0 0 0 0
3313 63305 16954 0 0 1965134 0 0 0 0 0
3314 63305 16954 0 0 1965134 0 0 0 0 0
3315 63305 16954 0 0 1965134 0 0 0 0 0
3316 63305 16954 0 0 1965134 0 0 0 0 0
3317 63305 16954 0 0 1965134 0 0 0 0 0
3318 63305 16954 0 0 1965134 0 0 0 0 0
3319 63305 16954 0 0 1965134 0 0 0 0 0
3320 63305 16954 0 0 1965134 0 0 0 0 0
3321 63305 16954 0 0 1965134 0 0 0 0 0
3322 63305 16954 0 0 1965134 0 0 0 0 0
3323 63305 16954 0 0 1965134 0 0 0 0 0
3324 63305 16954 0 0 1965134 0 0 0 0 0
3325 63305 16954 0 0 1965134 0 0 0 0 0
3326 63305 16954 0 0 1965134 0 0 0 0 0
3327 63305 16954 0 0 1965134 0 0 0 0 0
3328 63305 16954 0 0 1965134 0 0 0 0 0
3329 63305 16954 0 0 1965134 0 0 0 0 0
3330 63305 16954 0 0 1965134 0 0 0 0 0
3331 63305 16954 0 0 1965134 0 0 0 0 0
3332 63305 16954 0 0 1965134 0 0 0 0 0
3333 63305 16954 0 0 1965134 0 0 0 0 0
3334 63305 16954 0 0 1965134 0 0 0 0 0
3335 63305 16954 0 0 1965134 0 0 0 0 0
3336 63305 16954 0 0 1965134 0 0 0 0 0
3337 63305 16954 0 0 1965134 0 0 0 0 0
3338 63305 16954 0 0 1965134 0 0 0 0 0
3339 63305 16954 0 0 1965134 0 0 0 0 0
3340 63305 16954 0 0 1965134 0 0 0 0 0
3341 63305 16954 0 0 1965134 0 0 0 0 0
3342 63305 16954 0 0 1965134 0 0 0 0 0
3343 63305 16954 0 0 1965134 0 0 0 0 0
3344 63305 16954 0 0 1965134 0 0 0 0 0
3345 63305 16954 0 0 1965134 0 0 0 0 0
3346 63305 16954 0 0 1965134 0 0 0 0 0
3347 63305 16954 0 0 1965134 0 0 0 0 0
3348 63305 16954 0 0 1965134 0 0 0 0 0
3349 63305 16954 0 0 1965134 0 0 0 0 0
3350 63305 16954 0 0 1965134 0 0 0 0 0
3351 63305 16954 0 0 1965134 0 0 0 0 0
3352 63305 16954 0 0 1965134 0 0 0 0 0
3353 63305 16954 0 0 1965134 0 0 0 0 0
3354 63305 16954 0 0 1965134 0 0 0 0 0
3355 63305 16954 0 0 1965134 0 0 0 0 0
3356 63305 16954 0 0 1965134 0 0 0 0 0
3357 63305 16954 0 0 1965134 0 0 0 0 0
3358 63305 16954 0 0 1965134 0 0 0 0 0
3359 63305 16954 0 0 1965134 0 0 0 0 0
3360 63305 16954 0 0 1965134 0 0 0 0 0
3361 63305 16954 0 0 1965134 0 0 0 0 0
3362 63305 16954 0 0 1965134 0 0 0 0 0
3363 63305 16954 0 0 1965134 0 0 0 0 0
3364 63305 16954 0 0 1965134 0 0 0 0 0
3365 63305 16954 0 0 1965134 0 0 0 0 0
3366 63305 16954 0 0 1965134 0 0 0 0 0
3367 63305 16954 0 0 1965134 0 0 0 0 0
3368 63305 16954 0 0 1965134 0 0 0 0 0
3369 63305 16954 0 0 1965134 0 0 0 0 0
3370 63305 16954 0 0 1965134 0 0 0 0 0
3371 63305 16954 0 0 1965134 0 0 0 0 0
3372 63305 16954 0 0 1965134 0 0 0 0 0
3373 63305 16954 0 0 1965134 0 0 0 0 0
3374 63305 16954 0 0 1965134 0 0 0 0 0
3375 63305 16954 0 0 1965134 0 0 0 0 0
3376 63305 16954 0 0 1965134 0 0 0 0 0
3377 63305 16954 0 0 1965134 0 0 0 0 0
3378 63305 16954 0 0 1965134 0 0 0 0 0
3379 63305 16954 0 0 1965134 0 0 0 0 0
3380 63305 16954 0 0 1965134 0 0 0 0 0
3381 63305 16954 0 0 1965134 0 0 0 0 0
3382 63305 16954 0 0 1965134 0 0 0 0 0
3383 63305 16954 0 0 1965134 0 0 0 0 0
3384 63305 16954 0 0 1965134 0 0 0 0 0
3385 63305 16954 0 0 1965134 0 0 0 0 0
3386 63305 16954 0 0 1965134 0 0 0 0 0
3387 63305 16954 0 0 1965134 0 0 0 0 0
3388 63305 16954 0 0 1965134 0 0 0 0 0
3389 63305 16954 0 0 1965134 0 0 0 0 0
3390 63305 16954 0 0 1965134 0 0 0 0 0
3391 63305 16954 0 0 1965134 0 0 0 0 0
3392 63305 16954 0 0 1965134 0 0 0 0 0
3393 63305 16954 0 0 1965134 0 0 0 0 0
3394 63305 16954 0 0 1965134 0 0 0 0 0
3395 63305 16954 0 0 1965134 0 0 0 0 0
3396 63305 16954 0 0 1965134 0 0 0 0 0
3397 63305 16954 0 0 1965134 0 0 0 0 0
3398 63305 16954 0 0 1965134 0 0 0 0 0
3399 63305 16954 0 0 1965134 0 0 0 0 0
3400 63305 16954 0 0 1965134 0 0 0 0 0
3401 63305 16954 0 0 1965134 0 0 0 0 0
3402 63305 16954 0 0 1965134 0 0 0 0 0
3403 63305 16954 0 0 1965134 0 0 0 0 0
3404 63305 16954 0 0 1965134 0 0 0 0 0
3405 63305 16954 0 0 1965134 0 0 0 0 0
3406 63305 16954 0 0 1965134 0 0 0 0 0
3407 63305 16954 0 0 1965134 0 0 0 0 0
3408 63305 16954 0 0 1965134 0 0 0 0 0
3409 63305 16954 0 0 1965134 0 0 0 0 0
3410 63305 16954 0 0 1965134 0 0 0 0 0
3411 63305 16954 0 0 1965134 0 0 0 0 0
3412 63305 16954 0 0 1965134 0 0 0 0 0
3413 63305 16954 0 0 1965134 0 0 0 0 0
3414 63305 16954 0 0 1965134 0 0 0 0 0
3415 63305 16954 0 0 1965134 0 0 0 0 0
3416 63305 16954 0 0 1965134 0 0 0 0 0
3417 63305 16954 0 0 1965134 0 0 0 0 0
3418 63305 16954 0 0 1965134 0 0 0 0 0
3419 63305 16954 0 0 1965134 0 0 0 0 0
3420 63305 16954 0 0 1965134 0 0 0 0 0
3421 63305 16954 0 0 1965134 0 0 0 0 0
3422 63305 16954 0 0 1965134 0 0 0 0 0
3423 63305 16954 0 0 1965134 0 0 0 0 0
3424 63305 16954 0 0 1965134 0 0 0 0 0
3425 63305 16954 0 0 1965134 0 0 0 0 0
3426 63305 16954 0 0 1965134 0 0 0 0 0
3427 63305 16954 0 0 1965134 0 0 0 0 0
3428 63305 16954 0 0 1965134 0 0 0 0 0
3429 63305 16954 0 0 1965134 0 0 0 0 0
3430 63305 16954 0 0 1965134 0 0 0 0 0
3431 63305 16954 0 0 1965134 0 0 0 0 0
3432 63305 16954 0 0 1965134 0 0 0 0 0
3433 63305 16954 0 0 1965134 0 0 0 0 0
3434 63305 16954 0 0 1965134 0 0 0 0 0
3435 63305 16954 0 0 1965134 0 0 0 0 0
3436 63305 16954 0 0 1965134 0 0 0 0 0
3437 63305 16954 0 0 1965134 0 0 0 0 0
3438 63305 16954 0 0 1965134 0 0 0 0 0
3439 63305 16954 0 0 1965134 0 0 0 0 0
3440 63305 16954 0 0 1965134 0 0 0 0 0
3441 63305 16954 0 0 1965134 0 0 0 0 0
3442 63305 16954 0 0 1965134 0 0 0 0 0
3443 63305 16954 0 0 1965134 0 0 0 0 0
3444 63305 16954 0 0 1965134 0 0 0 0 0
3445 63305 16954 0 0 1965134 0 0 0 0 0
3446 63305 16954 0 0 1965134 0 0 0 0 0
3447 63305 16954 0 0 1965134 0 0 0 0 0
3448 63305 16954 0 0 1965134 0 0 0 0 0
3449 63305 16954 0 0 1965134 0 0 0 0 0
3450 63305 16954 0 0 1965134 0 0 0 0 0
3451 63305 16954 0 0 1965134 0 0 0 0 0
3452 63305 16954 0 0 1965134 0 0 0 0 0
3453 63305 16954 0 0 1965134 0 0 0 0 0
3454 63305 16954 0 0 1965134 0 0 0 0 0
3455 63305 16954 0 0 1965134 0 0 0 0 0
3456 63305 16954 0 0 1965134 0 0 0 0 0
3457 63305 16954 0 0 1965134 0 0 0 0 0
3458 63305 16954 0 0 1965134 0 0 0 0 0
3459 63305 16954 0 0 1965134 0 0 0 0 0
3460 63305 16954 0 0 1965134 0 0 0 0 0
3461 63305 16954 0 0 1965134 0 0 0 0 0
3462 63305 16954 0 0 1965134 0 0 0 0 0
3463 63305 16954 0 0 1965134 0 0 0 0 0
3464 63305 16954 0 0 1965134 0 0 0 0 0
3465 63305 16954 0 0 1965134 0 0 0 0 0
3466 63305 16954 0 0 1965134 0 0 0 0 0
3467 63305 16954 0 0 1965134 0 0 0 0 0
3468 63305 16954 0 0 1965134 0 0 0 0 0
3469 63305 16954 0 0 1965134 0 0 0 0 0
3470 63305 16954 0 0 1965134 0 0 0 0 0
3471 63305 16954 0 0 1965134 0 0 0 0 0
3472 63305 16954 0 0 1965134 0 0 0 0 0
3473 63305 16954 0 0 1965134 0 0 0 0 0
3474 63305 16954 0 0 1965134 0 0 0 0 0
3475 63305 16954 0 0 1965134 0 0 0 0 0
3476 63305 16954 0 0 1965134 0 0 0 0 0
3477 63305 16954 0 0 1965134 0 0 0 0 0
3478 63305 16954 0 0 1965134 0 0 0 0 0
3479 63305 16954 0 0 1965134 0 0 0 0 0
3480 63305 16954 0 0 1965134 0 0 0 0 0
3481 63305 16954 0 0 1965134 0 0 0 0 0
3482 63305 16954 0 0 1965134 0 0 0 0 0
3483 63305 16954 0 0 1965134 0 0 0 0 0
3484 63305 16954 0 0 1965134 0 0 0 0 0
3485 63305 16954 0 0 1965134 0 0 0 0 0
3486 63305 16954 0 0 1965134 0 0 0 0 0
3487 63305 16954 0 0 1965134 0 0 0 0 0
3488 63305 16954 0 0 1965134 0 0 0 0 0
3489 63305 16954 0 0 1965134 0 0 0 0 0
3490 63305 16954 0 0 1965134 0 0 0 0 0
3491 63305 16954 0 0 1965134 0 0 0 0 0
3492 63305 16954 0 0 1965134 0 0 0 0 0
3493 63305 16954 0 0 1965134 0 0 0 0 0
3494 63305 16954 0 0 1965134 0 0 0 0 0
3495 63305 16954 0 0 1965134 0 0 0 0 0
3496 63305 16954 0 0 1965134 0 0 0 0 0
3497 63305 16954 0 0 1965134 0 0 0 0 0
3498 63305 16954 0 0 1965134 0 0 0 0 0
3499 63305 16954 0 0 1965134 0 0 0 0 0
3500 63305 16954 0 0 1965134 0 0 0 0 0
3501 63305 16954 0 0 1965134 0 0 0 0 0
3502 63305 16954 0 0 1965134 0 0 0 0 0
3503 63305 16954 0 0 1965134 0 0 0 0 0
3504 63305 16954 0 0 1965134 0 0 0 0 0
3505 63305 16954 0 0 1965134 0 0 0 0 0
3506 63305 16954 0 0 1965134 0 0 0 0 0
3507 63305 16954 0 0 1965134 0 0 0 0 0
3508 63305 16954 0 0 1965134 0 0 0 0 0
3509 63305 16954 0 0 1965134 0 0 0 0 0
3510 63305 16954 0 0 1965134 0 0 0 0 0
3511 63305 16954 0 0 1965134 0 0 0 0 0
3512 63305 16954 0 0 1965134 0 0 0 0 0
3513 63305 16954 0 0 1965134 0 0 0 0 0
3514 63305 16954 0 0 1965134 0 0 0 0 0
3515 63305 16954 0 0 1965134 0 0 0 0 0
3516 63305 16954 0 0 1965134 0 0 0 0 0
3517 63305 16954 0 0 1965134 0 0 0 0 0
3518 63305 16954 0 0 1965134 0 0 0 0 0
3519 63305 16954 0 0 1965134 0 0 0 0 0
3520 63305 16954 0 0 1965134 0 0 0 0 0
3521 63305 16954 0 0 1965134 0 0 0 0 0
3522 63305 16954 0 0 1965134 0 0 0 0 0
3523 63305 16954 0 0 1965134 0 0 0 0 0
3524 63305 16954 0 0 1965134 0 0 0 0 0
3525 63305 16954 0 0 1965134 0 0 0 0 0
3526 63305 16954 0 0 1965134 0 0 0 0 0
3527 63305 16954 0 0 1965134 0 0 0 0 0
3528 63305 16954 0 0 1965134 0 0 0 0 0
3529 63305 16954 0 0 1965134 0 0 0 0 0
3530 63305 16954 0 0 1965134 0 0 0 0 0
3531 63305 16954 0 0 1965134 0 0 0 0 0
3532 63305 16954 0 0 1965134 0 0 0 0 0
3533 63305 16954 0 0 1965134 0 0 0 0 0
3534 63305 16954 0 0 1965134 0 0 0 0 0
3535 63305 16954 0 0 1965134 0 0 0 0 0
3536 63305 16954 0 0 1965134 0 0 0 0 0
3537 63305 16954 0 0 1965134 0 0 0 0 0
3538 63305 16954 0 0 1965134 0 0 0 0 0
3539 63305 16954 0 0 1965134 0 0 0 0 0
3540 63305 16954 0 0 1965134 0 0 0 0 0
3541 63305 16954 0 0 1965134 0 0 0 0 0
3542 63305 16954 0 0 1965134 0 0 0 0 0
3543 63305 16954 0 0 1965134 0 0 0 0 0
3544 63305 16954 0 0 1965134 0 0 0 0 0
3545 63305 16954 0 0 1965134 0 0 0 0 0
3546 63305 16954 0 0 1965134 0 0 0 0 0
3547 63305 16954 0 0 1965134 0 0 0 0 0
3548 63305 16954 0 0 1965134 0 0 0 0 0
3549 63305 16954 0 0 1965134 0 0 0 0 0
3550 63305 16954 0 0 1965134 0 0 0 0 0
3551 63305 16954 0 0 1965134 0 0 0 0 0
3552 63305 16954 0 0 1965134 0 0 0 0 0
3553 63305 16954 0 0 1965134 0 0 0 0 0
3554 63305 16954 0 0 1965134 0 0 0 0 0
3555 63305 16954 0 0 1965134 0 0 0 0 0
3556 63305 16954 0 0 1965134 0 0 0 0 0
3557 63305 16954 0 0 1965134 0 0 0 0 0
3558 63305 16954 0 0 1965134 0 0 0 0 0
3559 63305 16954 0 0 1965134 0 0 0 0 0
3560 63305 16954 0 0 1965134 0 0 0 0 0
3561 63305 16954 0 0 1965134 0 0 0 0 0
3562 63305 16954 0 0 1965134 0 0 0 0 0
3563 63305 16954 0 0 1965134 0 0 0 0 0
3564 63305 16954 0 0 1965134 0 0 0 0 0
3565 63305 16954 0 0 1965134 0 0 0 0 0
3566 63305 16954 0 0 1965134 0 0 0 0 0
3567 63305 16954 0 0 1965134 0 0 0 0 0
3568 63305 16954 0 0 1965134 0 0 0 0 0
3569 63305 16954 0 0 1965134 0 0 0 0 0
3570 63305 16954 0 0 1965134 0 0 0 0 0
3571 63305 16954 0 0 1965134 0 0 0 0 0
3572 63305 16954 0 0 1965134 0 0 0 0 0
3573 63305 16954 0 0 1965134 0 0 0 0 0
3574 63305 16954 0 0 1965134 0 0 0 0 0
3575 63305 16954 0 0 1965134 0 0 0 0 0
3576 63305 16954 0 0 1965134 0 0 0 0 0
3577 63305 16954 0 0 1965134 0 0 0 0 0
3578 63305 16954 0 0 1965134 0 0 0 0 0
3579 63305 16954 0 0 1965134 0 0 0 0 0
3580 63305 16954 0 0 1965134 0 0 0 0 0
3581 63305 16954 0 0 1965134 0 0 0 0 0
3582 63305 16954 0 0 1965134 0 0 0 0 0
3583 63305 16954 0 0 1965134 0 0 0 0 0
3584 63305 16954 0 0 1965134 0 0 0 0 0
3585 63305 16954 0 0 1965134 0 0 0 0 0
3586 63305 16954 0 0 1965134 0 0 0 0 0
3587 63305 16954 0 0 1965134 0 0 0 0 0
3588 63305 16954 0 0 1965134 0 0 0 0 0
3589 63305 16954 0 0 1965134 0 0 0 0 0
3590 63305 16954 0 0 1965134 0 0 0 0 0
3591 63305 16954 0 0 1965134 0 0 0 0 0
3592 63305 16954 0 0 1965134 0 0 0 0 0
3593 63305 16954 0 0 1965134 0 0 0 0 0
3594 63305 16954 0 0 1965134 0 0 0 0 0
3595 63305 16954 0 0 1965134 0 0 0 0 0
3596 63305 16954 0 0 1965134 0 0 0 0 0
3597 63305 16954 0 0 1965134 0 0 0 0 0
3598 63305 16954 0 0 1965134 0 0 0 0 0
3599 63305 16954 0 0 1965134 0 0 0 0 0
3600 63305 16954 0 0 1965134 0 0 0 0 0
3601 63305 16954 0 0 1965134 0 0 0 0 0
3602 63305 16954 0 0 1965134 0 0 0 0 0
3603 63305 16954 0 0 1965134 0 0 0 0 0
3604 63305 16954 0 0 1965134 0 0 0 0 0
3605 63305 16954 0 0 1965134 0 0 0 0 0
3606 63305 16954 0 0 1965134 0 0 0 0 0
3607 63305 16954 0 0 1965134 0 0 0 0 0
3608 63305 16954 0 0 1965134 0 0 0 0 0
3609 63305 16954 0 0 1965134 0 0 0 0 0
3610 63305 16954 0 0 1965134 0 0 0 0 0
3611 63305 16954 0 0 1965134 0 0 0 0 0
3612 63305 16954 0 0 1965134 0 0 0 0 0
3613 63305 16954 0 0 1965134 0 0 0 0 0
3614 63305 16954 0 0 1965134 0 0 0 0 0
3615 63305 16954 0 0 1965134 0 0 0 0 0
3616 63305 16954 0 0 1965134 0 0 0 0 0
3617 63305 16954 0 0 1965134 0 0 0 0 0
3618 63305 16954 0 0 1965134 0 0 0 0 0
3619 63305 16954 0 0 1965134 0 0 0 0 0
3620 63305 16954 0 0 1965134 0 0 0 0 0
3621 63305 16954 0 0 1965134 0 0 0 0 0
3622 63305 16954 0 0 1965134 0 0 0 0 0
3623 63305 16954 0 0 1965134 0 0 0 0 0
3624 63305 16954 0 0 1965134 0 0 0 0 0
3625 63305 16954 0 0 1965134 0 0 0 0 0
3626 63305 16954 0 0 1965134 0 0 0 0 0
3627 63305 16954 0 0 1965134 0 0 0 0 0
3628 63305 16954 0 0 1965134 0 0 0 0 0
3629 63305 16954 0 0 1965134 0 0 0 0 0
3630 63305 16954 0 0 1965134 0 0 0 0 0
3631 63305 16954 0 0 1965134 0 0 0 0 0
3632 63305 16954 0 0 1965134 0 0 0 0 0
3633 63305 16954 0 0 1965134 0 0 0 0 0
3634 63305 16954 0 0 1965134 0 0 0 0 0
3635 63305 16954 0 0 1965134 0 0 0 0 0
3636 63305 16954 0 0 1965134 0 0 0 0 0
3637 63305 16954 0 0 1965134 0 0 0 0 0
3638 63305 16954 0 0 1965134 0 0 0 0 0
3639 63305 16954 0 0 1965134 0 0 0 0 0
3640 63305 16954 0 0 1965134 0 0 0 0 0
3641 63305 16954 0 0 1965134 0 0 0 0 0
3642 63305 16954 0 0 1965134 0 0 0 0 0
3643 63305 16954 0 0 1965134 0 0 0 0 0
3644 63305 16954 0 0 1965134 0 0 0 0 0
3645 63305 16954 0 0 1965134 0 0 0 0 0
3646 63305 16954 0 0 1965134 0 0 0 0 0
3647 63305 16954 0 0 1965134 0 0 0 0 0
3648 63305 16954 0 0 1965134 0 0 0 0 0
3649 63305 16954 0 0 1965134 0 0 0 0 0
3650 63305 16954 0 0 1965134 0 0 0 0 0
3651 63305 16954 0 0 1965134 0 0 0 0 0
3652 63305 16954 0 0 1965134 0 0 0 0 0
3653 63305 16954 0 0 1965134 0 0 0 0 0
3654 63305 16954 0 0 1965134 0 0 0 0 0
3655 63305 16954 0 0 1965134 0 0 0 0 0
3656 63305 16954 0 0 1965134 0 0 0 0 0
3657 63305 16954 0 0 1965134 0 0 0 0 0
3658 63305 16954 0 0 1965134 0 0 0 0 0
3659 63305 16954 0 0 1965134 0 0 0 0 0
3660 63305 16954 0 0 1965134 0 0 0 0 0
3661 63305 16954 0 0 1965134 0 0 0 0 0
3662 63305 16954 0 0 1965134 0 0 0 0 0
3663 63305 16954 0 0 1965134 0 0 0 0 0
3664 63305 16954 0 0 1965134 0 0 0 0 0
3665 63305 16954 0 0 1965134 0 0 0 0 0
3666 63305 16954 0 0 1965134 0 0 0 0 0
3667 63305 16954 0 0 1965134 0 0 0 0 0
3668 63305 16954 0 0 1965134 0 0 0 0 0
3669 63305 16954 0 0 1965134 0 0 0 0 0
3670 63305 16954 0 0 1965134 0 0 0 0 0
3671 63305 16954 0 0 1965134 0 0 0 0 0
3672 63305 16954 0 0 1965134 0 0 0 0 0
3673 63305 16954 0 0 1965134 0 0 0 0 0
3674 63305 16954 0 0 1965134 0 0 0 0 0
3675 63305 16954 0 0 1965134 0 0 0 0 0
3676 63305 16954 0 0 1965134 0 0 0 0 0
3677 63305 16954 0 0 1965134 0 0 0 0 0
3678 63305 16954 0 0 1965134 0 0 0 0 0
3679 63305 16954 0 0 1965134 0 0 0 0 0
3680 63305 16954 0 0 1965134 0 0 0 0 0
3681 63305 16954 0 0 1965134 0 0 0 0 0
3682 63305 16954 0 0 1965134 0 0 0 0 0
3683 63305 16954 0 0 1965134 0 0 0 0 0
3684 63305 16954 0 0 1965134 0 0 0 0 0
3685 63305 16954 0 0 1965134 0 0 0 0 0
3686 63305 16954 0 0 1965134 0 0 0 0 0
3687 63305 16954 0 0 1965134 0 0 0 0 0
3688 63305 16954 0 0 1965134 0 0 0 0 0
3689 63305 16954 0 0 1965134 0 0 0 0 0
3690 63305 16954 0 0 1965134 0 0 0 0 0
3691 63305 16954 0 0 1965134 0 0 0 0 0
3692 63305 16954 0 0 1965134 0 0 0 0 0
3693 63305 16954 0 0 1965134 0 0 0 0 0
3694 63305 16954 0 0 1965134 0 0 0 0 0
3695 63305 16954 0 0 1965134 0 0 0 0 0
3696 63305 16954 0 0 1965134 0 0 0 0 0
3697 63305 16954 0 0 1965134 0 0 0 0 0
3698 63305 16954 0 0 1965134 0 0 0 0 0
3699 63305 16954 0 0 1965134 0 0 0 0 0
3700 63305 16954 0 0 1965134 0 0 0 0 0
3701 63305 16954 0 0 1965134 0 0 0 0 0
3702 63305 16954 0 0 1965134 0 0 0 0 0
3703 63305 16954 0 0 1965134 0 0 0 0 0
3704 63305 16954 0 0 1965134 0 0 0 0 0
3705 63305 16954 0 0 1965134 0 0 0 0 0
3706 63305 16954 0 0 1965134 0 0 0 0 0
3707 63305 16954 0 0 1965134 0 0 0 0 0
3708 63305 16954 0 0 1965134 0 0 0 0 0
3709 63305 16954 0 0 1965134 0 0 0 0 0
3710 63305 16954 0 0 1965134 0 0 0 0 0
3711 63305 16954 0 0 1965134 0 0 0 0 0
3712 63305 16954 0 0 1965134 0 0 0 0 0
3713 63305 16954 0 0 1965134 0 0 0 0 0
3714 63305 16954 0 0 1965134 0 0 0 0 0
3715 63305 16954 0 0 1965134 0 0 0 0 0
3716 63305 16954 0 0 1965134 0 0 0 0 0
3717 63305 16954 0 0 1965134 0 0 0 0 0
3718 63305 16954 0 0 1965134 0 0 0 0 0
3719 63305 16954 0 0 1965134 0 0 0 0 0
3720 63305 16954 0 0 1965134 0 0 0 0 0
3721 63305 16954 0 0 1965134 0 0 0 0 0
3722 63305 16954 0 0 1965134 0 0 0 0 0
3723 63305 16954 0 0 1965134 0 0 0 0 0
3724 63305 16954 0 0 1965134 0 0 0 0 0
3725 63305 16954 0 0 1965134 0 0 0 0 0
3726 63305 16954 0 0 1965134 0 0 0 0 0
3727 63305 16954 0 0 1965134 0 0 0 0 0
3728 63305 16954 0 0 1965134 0 0 0 0 0
3729 63305 16954 0 0 1965134 0 0 0 0 0
3730 63305 16954 0 0 1965134 0 0 0 0 0
3731 63305 16954 0 0 1965134 0 0 0 0 0
3732 63305 16954 0 0 1965134 0 0 0 0 0
3733 63305 16954 0 0 1965134 0 0 0 0 0
3734 63305 16954 0 0 1965134 0 0 0 0 0
3735 63305 16954 0 0 1965134 0 0 0 0 0
3736 63305 16954 0 0 1965134 0 0 0 0 0
3737 63305 16954 0 0 1965134 0 0 0 0 0
3738 63305 16954 0 0 1965134 0 0 0 0 0
3739 63305 16954 0 0 1965134 0 0 0 0 0
3740 63305 16954 0 0 1965134 0 0 0 0 0
3741 63305 16954 0 0 1965134 0 0 0 0 0
3742 63305 16954 0 0 1965134 0 0 0 0 0
3743 63305 16954 0 0 1965134 0 0 0 0 0
3744 63305 16954 0 0 1965134 0 0 0 0 0
3745 63305 16954 0 0 1965134 0 0 0 0 0
3746 63305 16954 0 0 1965134 0 0 0 0 0
3747 63305 16954 0 0 1965134 0 0 0 0 0
3748 63305 16954 0 0 1965134 0 0 0 0 0
3749 63305 16954 0 0 1965134 0 0 0 0 0
3750 63305 16954 0 0 1965134 0 0 0 0 0
3751 63305 16954 0 0 1965134 0 0 0 0 0
3752 63305 16954 0 0 1965134 0 0 0 0 0
3753 63305 16954 0 0 1965134 0 0 0 0 0
3754 63305 16954 0 0 1965134 0 0 0 0 0
3755 63305 16954 0 0 1965134 0 0 0 0 0
3756 63305 16954 0 0 1965134 0 0 0 0 0
3757 63305 16954 0 0 1965134 0 0 0 0 0
3758 63305 16954 0 0 1965134 0 0 0 0 0
3759 63305 16954 0 0 1965134 0 0 0 0 0
3760 63305 16954 0 0 1965134 0 0 0 0 0
3761 63305 16954 0 0 1965134 0 0 0 0 0
3762 63305 16954 0 0 1965134 0 0 0 0 0
3763 63305 16954 0 0 1965134 0 0 0 0 0
3764 63305 16954 0 0 1965134 0 0 0 0 0
3765 63305 16954 0 0 1965134 0 0 0 0 0
3766 63305 16954 0 0 1965134 0 0 0 0 0
3767 63305 16954 0 0 1965134 0 0 0 0 0
3768 63305 16954 0 0 1965134 0 0 0 0 0
3769 63305 16954 0 0 1965134 0 0 0 0 0
3770 63305 16954 0 0 1965134 0 0 0 0 0
3771 63305 16954 0 0 1965134 0 0 0 0 0
3772 63305 16954 0 0 1965134 0 0 0 0 0
3773 63305 16954 0 0 1965134 0 0 0 0 0
3774 63305 16954 0 0 1965134 0 0 0 0 0
3775 63305 16954 0 0 1965134 0 0 0 0 0
3776 63305 16954 0 0 1965134 0 0 0 0 0
3777 63305 16954 0 0 1965134 0 0 0 0 0
3778 63305 16954 0 0 1965134 0 0 0 0 0
3779 63305 16954 0 0 1965134 0 0 0 0 0
3780 63305 16954 0 0 1965134 0 0 0 0 0
3781 63305 16954 0 0 1965134 0 0 0 0 0
3782 63305 16954 0 0 1965134 0 0 0 0 0
3783 63305 16954 0 0 1965134 0 0 0 0 0
3784 63305 16954 0 0 1965134 0 0 0 0 0
3785 63305 16954 0 0 1965134 0 0 0 0 0
3786 63305 16954 0 0 1965134 0 0 0 0 0
3787 63305 16954 0 0 1965134 0 0 0 0 0
3788 63305 16954 0 0 1965134 0 0 0 0 0
3789 63305 16954 0 0 1965134 0 0 0 0 0
3790 63305 16954 0 0 1965134 0 0 0 0 0
3791 63305 16954 0 0 1965134 0 0 0 0 0
3792 63305 16954 0 0 1965134 0 0 0 0 0
3793 63305 16954 0 0 1965134 0 0 0 0 0
3794 63305 16954 0 0 1965134 0 0 0 0 0
3795 63305 16954 0 0 1965134 0 0 0 0 0
3796 63305 16954 0 0 1965134 0 0 0 0 0
3797 63305 16954 0 0 1965134 0 0 0 0 0
3798 63305 16954 0 0 1965134 0 0 0 0 0
3799 63305 16954 0 0 1965134 0 0 0 0 0
3800 63305 16954 0 0 1965134 0 0 0 0 0
3801 63305 16954 0 0 1965134 0 0 0 0 0
3802 63305 16954 0 0 1965134 0 0 0 0 0
3803 63305 16954 0 0 1965134 0 0 0 0 0
3804 63305 16954 0 0 1965134 0 0 0 0 0
3805 63305 16954 0 0 1965134 0 0 0 0 0
3806 63305 16954 0 0 1965134 0 0 0 0 0
3807 63305 16954 0 0 1965134 0 0 0 0 0
3808 63305 16954 0 0 1965134 0 0 0 0 0
3809 63305 16954 0 0 1965134 0 0 0 0 0
3810 63305 16954 0 0 1965134 0 0 0 0 0
3811 63305 16954 0 0 1965134 0 0 0 0 0
3812 63305 16954 0 0 1965134 0 0 0 0 0
3813 63305 16954 0 0 1965134 0 0 0 0 0
3814 63305 16954 0 0 1965134 0 0 0 0 0
3815 63305 16954 0 0 1965134 0 0 0 0 0
3816 63305 16954 0 0 1965134 0 0 0 0 0
3817 63305 16954 0 0 1965134 0 0 0 0 0
3818 63305 16954 0 0 1965134 0 0 0 0 0
3819 63305 16954 0 0 1965134 0 0 0 0 0
3820 63305 16954 0 0 1965134 0 0 0 0 0
3821 63305 16954 0 0 1965134 0 0 0 0 0
3822 63305 16954 0 0 1965134 0 0 0 0 0
3823 63305 16954 0 0 1965134 0 0 0 0 0
3824 63305 16954 0 0 1965134 0 0 0 0 0
3825 63305 16954 0 0 1965134 0 0 0 0 0
3826 63305 16954 0 0 1965134 0 0 0 0 0
3827 63305 16954 0 0 1965134 0 0 0 0 0
3828 63305 16954 0 0 1965134 0 0 0 0 0
3829 63305 16954 0 0 1965134 0 0 0 0 0
3830 63305 16954 0 0 1965134 0 0 0 0 0
3831 63305 16954 0 0 1965134 0 0 0 0 0
3832 63305 16954 0 0 1965134 0 0 0 0 0
3833 63305 16954 0 0 1965134 0 0 0 0 0
3834 63305 16954 0 0 1965134 0 0 0 0 0
3835 63305 16954 0 0 1965134 0 0 0 0 0
3836 63305 16954 0 0 1965134 0 0 0 0 0
3837 63305 16954 0 0 1965134 0 0 0 0 0
3838 63305 16954 0 0 1965134 0 0 0 0 0
3839 63305 16954 0 0 1965134 0 0 0 0 0
3840 63305 16954 0 0 1965134 0 0 0 0 0
3841 63305 16954 0 0 1965134 0 0 0 0 0
3842 63305 16954 0 0 1965134 0 0 0 0 0
3843 63305 16954 0 0 1965134 0 0 0 0 0
3844 63305 16954 0 0 1965134 0 0 0 0 0
3845 63305 16954 0 0 1965134 0 0 0 0 0
3846 63305 16954 0 0 1965134 0 0 0 0 0
3847 63305 16954 0 0 1965134 0 0 0 0 0
3848 63305 16954 0 0 1965134 0 0 0 0 0
3849 63305 16954 0 0 1965134 0 0 0 0 0
3850 63305 16954 0 0 1965134 0 0 0 0 0
3851 63305 16954 0 0 1965134 0 0 0 0 0
3852 63305 16954 0 0 1965134 0 0 0 0 0
3853 63305 16954 0 0 1965134 0 0 0 0 0
3854 63305 16954 0 0 1965134 0 0 0 0 0
3855 63305 16954 0 0 1965134 0 0 0 0 0
3856 63305 16954 0 0 1965134 0 0 0 0 0
3857 63305 16954 0 0 1965134 0 0 0 0 0
3858 63305 16954 0 0 1965134 0 0 0 0 0
3859 63305 16954 0 0 1965134 0 0 0 0 0
3860 63305 16954 0 0 1965134 0 0 0 0 0
3861 63305 16954 0 0 1965134 0 0 0 0 0
3862 63305 16954 0 0 1965134 0 0 0 0 0
3863 63305 16954 0 0 1965134 0 0 0 0 0
3864 63305 16954 0 0 1965134 0 0 0 0 0
3865 63305 16954 0 0 1965134 0 0 0 0 0
3866 63305 16954 0 0 1965134 0 0 0 0 0
3867 63305 16954 0 0 1965134 0 0 0 0 0
3868 63305 16954 0 0 1965134 0 0 0 0 0
3869 63305 16954 0 0 1965134 0 0 0 0 0
3870 63305 16954 0 0 1965134 0 0 0 0 0
3871 63305 16954 0 0 1965134 0 0 0 0 0
3872 63305 16954 0 0 1965134 0 0 0 0 0
3873 63305 16954 0 0 1965134 0 0 0 0 0
3874 63305 16954 0 0 1965134 0 0 0 0 0
3875 63305 16954 0 0 1965134 0 0 0 0 0
3876 63305 16954 0 0 1965134 0 0 0 0 0
3877 63305 16954 0 0 1965134 0 0 0 0 0
3878 63305 16954 0 0 1965134 0 0 0 0 0
3879 63305 16954 0 0 1965134 0 0 0 0 0
3880 63305 16954 0 0 1965134 0 0 0 0 0
3881 63305 16954 0 0 1965134 0 0 0 0 0
3882 63305 16954 0 0 1965134 0 0 0 0 0
3883 63305 16954 0 0 1965134 0 0 0 0 0
3884 63305 16954 0 0 1965134 0 0 0 0 0
3885 63305 16954 0 0 1965134 0 0 0 0 0
3886 63305 16954 0 0 1965134 0 0 0 0 0
3887 63305 16954 0 0 1965134 0 0 0 0 0
3888 63305 16954 0 0 1965134 0 0 0 0 0
3889 63305 16954 0 0 1965134 0 0 0 0 0
3890 63305 16954 0 0 1965134 0 0 0 0 0
3891 63305 16954 0 0 1965134 0 0 0 0 0
3892 63305 16954 0 0 1965134 0 0 0 0 0
3893 63305 16954 0 0 1965134 0 0 0 0 0
3894 63305 16954 0 0 1965134 0 0 0 0 0
3895 63305 16954 0 0 1965134 0 0 0 0 0
3896 63305 16954 0 0 1965134 0 0 0 0 0
3897 63305 16954 0 0 1965134 0 0 0 0 0
3898 63305 16954 0 0 1965134 0 0 0 0 0
3899 63305 16954 0 0 1965134 0 0 0 0 0
3900 63305 16954 0 0 1965134 0 0 0 0 0
3901 63305 16954 0 0 1965134 0 0 0 0 0
3902 63305 16954 0 0 1965134 0 0 0 0 0
3903 63305 16954 0 0 1965134 0 0 0 0 0
3904 63305 16954 0 0 1965134 0 0 0 0 0
3905 63305 16954 0 0 1965134 0 0 0 0 0
3906 63305 16954 0 0 1965134 0 0 0 0 0
3907 63305 16954 0 0 1965134 0 0 0 0 0
3908 63305 16954 0 0 1965134 0 0 0 0 0
3909 63305 16954 0 0 1965134 0 0 0 0 0
3910 63305 16954 0 0 1965134 0 0 0 0 0
3911 63305 16954 0 0 1965134 0 0 0 0 0
3912 63305 16954 0 0 1965134 0 0 0 0 0
3913 63305 16954 0 0 1965134 0 0 0 0 0
3914 63305 16954 0 0 1965134 0 0 0 0 0
3915 63305 16954 0 0 1965134 0 0 0 0 0
3916 63305 16954 0 0 1965134 0 0 0 0 0
3917 63305 16954 0 0 1965134 0 0 0 0 0
3918 63305 16954 0 0 1965134 0 0 0 0 0
3919 63305 16954 0 0 1965134 0 0 0 0 0
3920 63305 16954 0 0 1965134 0 0 0 0 0
3921 63305 16954 0 0 1965134 0 0 0 0 0
3922 63305 16954 0 0 1965134 0 0 0 0 0
3923 63305 16954 0 0 1965134 0 0 0 0 0
3924 63305 16954 0 0 1965134 0 0 0 0 0
3925 63305 16954 0 0 1965134 0 0 0 0 0
3926 63305 16954 0 0 1965134 0 0 0 0 0
3927 63305 16954 0 0 1965134 0 0 0 0 0
3928 63305 16954 0 0 1965134 0 0 0 0 0
3929 63305 16954 0 0 1965134 0 0 0 0 0
3930 63305 16954 0 0 1965134 0 0 0 0 0
3931 63305 16954 0 0 1965134 0 0 0 0 0
3932 63305 16954 0 0 1965134 0 0 0 0 0
3933 63305 16954 0 0 1965134 0 0 0 0 0
3934 63305 16954 0 0 1965134 0 0 0 0 0
3935 63305 16954 0 0 1965134 0 0 0 0 0
3936 63305 16954 0 0 1965134 0 0 0 0 0
3937 63305 16954 0 0 1965134 0 0 0 0 0
3938 63305 16954 0 0 1965134 0 0 0 0 0
3939 63305 16954 0 0 1965134 0 0 0 0 0
3940 63305 16954 0 0 1965134 0 0 0 0 0
3941 63305 16954 0 0 1965134 0 0 0 0 0
3942 63305 16954 0 0 1965134 0 0 0 0 0
3943 63305 16954 0 0 1965134 0 0 0 0 0
3944 63305 16954 0 0 1965134 0 0 0 0 0
3945 63305 16954 0 0 1965134 0 0 0 0 0
3946 63305 16954 0 0 1965134 0 0 0 0 0
3947 63305 16954 0 0 1965134 0 0 0 0 0
3948 63305 16954 0 0 1965134 0 0 0 0 0
3949 63305 16954 0 0 1965134 0 0 0 0 0
3950 63305 16954 0 0 1965134 0 0 0 0 0
3951 63305 16954 0 0 1965134 0 0 0 0 0
3952 63305 16954 0 0 1965134 0 0 0 0 0
3953 63305 16954 0 0 1965134 0 0 0 0 0
3954 63305 16954 0 0 1965134 0 0 0 0 0
3955 63305 16954 0 0 1965134 0 0 0 0 0
3956 63305 16954 0 0 1965134 0 0 0 0 0
3957 63305 16954 0 0 1965134 0 0 0 0 0
3958 63305 16954 0 0 1965134 0 0 0 0 0
3959 63305 16954 0 0 1965134 0 0 0 0 0
3960 63305 16954 0 0 1965134 0 0 0 0 0
3961 63305 16954 0 0 1965134 0 0 0 0 0
3962 63305 16954 0 0 1965134 0 0 0 0 0
3963 63305 16954 0 0 1965134 0 0 0 0 0
3964 63305 16954 0 0 1965134 0 0 0 0 0
3965 63305 16954 0 0 1965134 0 0 0 0 0
3966 63305 16954 0 0 1965134 0 0 0 0 0
3967 63305 16954 0 0 1965134 0 0 0 0 0
3968 63305 16954 0 0 1965134 0 0 0 0 0
3969 63305 16954 0 0 1965134 0 0 0 0 0
3970 63305 16954 0 0 1965134 0 0 0 0 0
3971 63305 16954 0 0 1965134 0 0 0 0 0
3972 63305 16954 0 0 1965134 0 0 0 0 0
3973 63305 16954 0 0 1965134 0 0 0 0 0
3974 63305 16954 0 0 1965134 0 0 0 0 0
3975 63305 16954 0 0 1965134 0 0 0 0 0
3976 63305 16954 0 0 1965134 0 0 0 0 0
3977 63305 16954 0 0 1965134 0 0 0 0 0
3978 63305 16954 0 0 1965134 0 0 0 0 0
3979 63305 16954 0 0 1965134 0 0 0 0 0
3980 63305 16954 0 0 1965134 0 0 0 0 0
3981 63305 16954 0 0 1965134 0 0 0 0 0
3982 63305 16954 0 0 1965134 0 0 0 0 0
3983 63305 16954 0 0 1965134 0 0 0 0 0
3984 63305 16954 0 0 1965134 0 0 0 0 0
3985 63305 16954 0 0 1965134 0 0 0 0 0
3986 63305 16954 0 0 1965134 0 0 0 0 0
3987 63305 16954 0 0 1965134 0 0 0 0 0
3988 63305 16954 0 0 1965134 0 0 0 0 0
3989 63305 16954 0 0 1965134 0 0 0 0 0
3990 63305 16954 0 0 1965134 0 0 0 0 0
3991 63305 16954 0 0 1965134 0 0 0 0 0
3992 63305 16954 0 0 1965134 0 0 0 0 0
3993 63305 16954 0 0 1965134 0 0 0 0 0
3994 63305 16954 0 0 1965134 0 0 0 0 0
3995 63305 16954 0 0 1965134 0 0 0 0 0
3996 63305 16954 0 0 1965134 0 0 0 0 0
3997 63305 16954 0 0 1965134 0 0 0 0 0
3998 63305 16954 0 0 1965134 0 0 0 0 0
3999 63305 16954 0 0 1965134 0 0 0 0 0
